ID,category,answer_en,answer_hi,keywords_en,keywords_hi
0,General,"Welcome to Kaamgar Sahayak! How can I assist you today?","कामगार सहायक में आपका स्वागत है! मैं आज आपकी कैसे मदद कर सकता हूँ?","welcome,assistance,help,hello,hey,hi","स्वागत,मदद"
1,General,"I'm here to help you with your queries related to labor laws and worker rights.","मैं श्रम कानूनों और श्रमिक अधिकारों से संबंधित आपके प्रश्नों में मदद करने के लिए यहाँ हूँ।","labor laws,worker rights","श्रम कानून,श्रमिक अधिकार"
2,General,"Please feel free to ask any questions you may have.","कृपया बेझिझक कोई भी प्रश्न पूछें।","questions,queries,ask","प्रश्न,पूछें"
3,General,"You can ask about wages, benefits, health and safety, rights, and more.","आप मजदूरी, लाभ, स्वास्थ्य और सुरक्षा, अधिकार आदि के बारे में पूछ सकते हैं।","wages,benefits,health,safety,rights","मजदूरी,लाभ,स्वास्थ्य,सुरक्षा,अधिकार"
4,General,"I can provide information in Hindi or English as per your preference.","मैं आपकी पसंद के अनुसार हिंदी या अंग्रेजी में जानकारी प्रदान कर सकता हूँ।","language,hindi,english","भाषा,हिंदी,अंग्रेजी"
5,General,"Yes How Can I Help You?","हाँ, मैं आपकी कैसे मदद कर सकता हूँ?","help,assistance","मदद,सहायता"
6,Office Details,"Labour Commissioner Office, Government of Madhya Pradesh, Indore","श्रमायुक्त कार्यालय, मध्य प्रदेश शासन, इंदौर","Labour Office,Labour Bureau","श्रम कार्यालय,श्रम ब्यूरो"
7,Office Details,"518, Indore - 452007","518, इंदौर - 452007","Address,Location","पता,स्थान"
8,Contact,lcmpenf@mp.gov.in,lcmpenf@mp.gov.in,"Email,Electronic Mail","ईमेल,ई-मेल"
9,Contact,labour.mponline.gov.in,labour.mponline.gov.in,"Website,Webpage","वेबसाइट,वेबसाइट"
10,Application Process,"The services of Labour Department can be obtained by:<br/>- Filing an application directly through the portal.<br/>- Filing an application through Lok Seva Kendra (with an additional fee).<br/>- Filing an application through an authorized kiosk of M.P. Online (with an additional fee).","श्रम विभाग की सेवाओं का लाभ निम्न प्रकार से प्राप्त किया जा सकता है:<br/>- पोर्टल के माध्यम से सीधे आवेदन दर्ज करके।<br/>- लोक सेवा केंद्र के माध्यम से आवेदन दर्ज करके (अतिरिक्त शुल्क के साथ)।<br/>- एमपी ऑनलाइन के अधिकृत कियोस्क के माध्यम से आवेदन दर्ज करके (अतिरिक्त शुल्क के साथ)।","services, labour department,labour department services, obtain, apply","आवेदन,सेवा,श्रम विभाग"
11,Application Process,"The registration process is completely online, hence the presence of the applicant in the office is not necessary.","पंजीकरण की प्रक्रिया पूरी तरह से ऑनलाइन है, अतः आवेदक की कार्यालय में उपस्थिति आवश्यक नहीं है।","registration,online,no visit","पंजीकरण,ऑनलाइन,कार्यालय"
12,Application Process,"Fill in the correct mobile number while applying. This mobile number will be considered registered on the Shram Seva Portal and will be useful for future contact/information.","आवेदन करते समय सही मोबाइल नंबर भरें। यह मोबाइल नंबर श्रम सेवा पोर्टल पर पंजीकृत माना जाएगा और भविष्य के संपर्क/सूचना के लिए उपयोगी होगा।","mobile number,registration,shram seva","मोबाइल नंबर,पंजीकरण,श्रम सेवा"
13,Application Process,"The docket number and password will be received via SMS on the registered mobile number entered at the time of application. This docket number and password should be kept safe for future reference to track the application status from time to time.","आवेदन के समय दर्ज किए गए पंजीकृत मोबाइल नंबर पर एसएमएस के माध्यम से डॉकेट नंबर और पासवर्ड प्राप्त होगा। इस डॉकेट नंबर और पासवर्ड को समय-समय पर आवेदन की स्थिति को ट्रैक करने के लिए भविष्य के संदर्भ के लिए सुरक्षित रखा जाना चाहिए।","docket number,password,sms,track status","डॉकेट नंबर,पासवर्ड,एसएमएस,स्थिति"
14,Application Process,"The docket number and password will be received after the complete registration of the application. Even if the applicant has saved the application, the docket number and password will be received only after its complete registration.","डॉकेट नंबर और पासवर्ड आवेदन के पूर्ण पंजीकरण के बाद प्राप्त होगा। यदि आवेदक ने आवेदन सहेजा भी है, तो डॉकेट नंबर और पासवर्ड उसके पूर्ण पंजीकरण के बाद ही प्राप्त होगा।","receive docket number,full registration","डॉकेट नंबर,पूर्ण पंजीकरण"
15,Application Process,"It is not mandatory to enter the Aadhaar number while applying. The Aadhaar number can be entered at the time of online application and is also given for updation later.","आवेदन करते समय आधार नंबर दर्ज करना अनिवार्य नहीं है। आधार नंबर ऑनलाइन आवेदन के समय दर्ज किया जा सकता है और बाद में अपडेशन के लिए भी दिया गया है।","aadhaar,online application","आधार,ऑनलाइन आवेदन"
16,Application Process,"The status of the application can be tracked from time to time on the portal through the docket number and password received on the mobile number.","मोबाइल नंबर पर प्राप्त डॉकेट नंबर और पासवर्ड के माध्यम से पोर्टल पर आवेदन की स्थिति को समय-समय पर ट्रैक किया जा सकता है।","track application,docket number","स्थिति ट्रैक करें,डॉकेट नंबर"
17,Application Process,"An authorized kiosk of M.P. Online can apply for a fee and submit the application for the applicant.","एमपी ऑनलाइन का एक अधिकृत कियोस्क शुल्क के लिए आवेदन कर सकता है और आवेदक के लिए आवेदन जमा कर सकता है।","mp online,kiosk,apply","एमपी ऑनलाइन,कियोस्क,आवेदन"
18,Application Process,"For the services of the Labour Department, it is necessary to get the registration done on the Shram Seva Portal. After which the applicant can avail of the services by entering the mobile number and password on the portal.","श्रम विभाग की सेवाओं के लिए, श्रम सेवा पोर्टल पर पंजीकरण कराना आवश्यक है। जिसके बाद आवेदक पोर्टल पर मोबाइल नंबर और पासवर्ड दर्ज करके सेवाओं का लाभ उठा सकता है।","registration,shram seva portal","पंजीकरण,श्रम सेवा पोर्टल"
19,Application Process,"The services of the Labour Department can be availed through the portal by the applicant himself and through the Lok Seva Kendra and the authorized kiosk of MP Online.","श्रम विभाग की सेवाओं का लाभ आवेदक स्वयं पोर्टल के माध्यम से और लोक सेवा केंद्र और एमपी ऑनलाइन के अधिकृत कियोस्क के माध्यम से उठा सकता है।","labour department,services,lok seva kendra","श्रम विभाग,सेवा,लोक सेवा केंद्र"
20,Worker Category,"Workers are classified based on their skills and expertise. Unskilled, Semi-skilled, Skilled, and Highly Skilled workers","श्रमिकों को उनके कौशल और विशेषज्ञता के आधार पर वर्गीकृत किया जाता है। अकुशल, अर्ध-कुशल, कुशल, और उच्च कुशल श्रमिक","Worker Category,Skill Level, Worker classification, skills, level, classification basis","श्रमिक श्रेणी,कौशल स्तर,श्रमिक वर्गीकरण,कौशल,स्तर"
21,Wages & Payments,"Minimum wage in Madhya Pradesh depends on skill level. As of now, unskilled workers get around ₹360/day.","मध्यप्रदेश में न्यूनतम मजदूरी कौशल के स्तर पर निर्भर करती है। अभी, अकुशल श्रमिकों को लगभग ₹360/दिन मिलता है।","minimum wage,wage,salary,daily wage","न्यूनतम मजदूरी,मजदूरी,वेतन,दैनिक मजदूरी"
22,Wages & Payments,"Wages should be paid at least once a month, before the 7th day of the following month.","मजदूरी कम से कम महीने में एक बार, अगले महीने की 7 तारीख से पहले दी जानी चाहिए।","wage payment,monthly payment,wage date","मजदूरी भुगतान,मासिक भुगतान"
23,Wages & Payments,"You can file a complaint at the Labour Department or call the labour helpline number.","आप श्रम विभाग में शिकायत कर सकते हैं या श्रम हेल्पलाइन नंबर पर कॉल कर सकते हैं।","unpaid wages,complaint,labour department,helpline","मजदूरी न मिलना,शिकायत,श्रम विभाग,हेल्पलाइन"
24,Schemes & Benefits,"E-Shram card is an identity card for unorganised workers to get government benefits and schemes.","ई-श्रम कार्ड असंगठित श्रमिकों के लिए सरकारी लाभ और योजनाओं को प्राप्त करने के लिए एक पहचान पत्र है।","e-shram card,government schemes","ई-श्रम कार्ड,सरकारी योजना"
25,Schemes & Benefits,"You can apply for PMJAY online at pmjay.gov.in or visit a CSC centre with Aadhaar card.","आप pmjay.gov.in पर ऑनलाइन आवेदन कर सकते हैं या आधार कार्ड के साथ सीएससी केंद्र जा सकते हैं।","pmjay,ayushman bharat,apply online","पीएमजेएवाई,आयुष्मान भारत,आवेदन"
26,Schemes & Benefits,"Registered BOCW workers get health, education, pension, and housing benefits.","पंजीकृत BOCW श्रमिकों को स्वास्थ्य, शिक्षा, पेंशन और आवास लाभ मिलते हैं।","bocw,benefits,health,education,pension,housing","बीओसीडब्ल्यू,लाभ,स्वास्थ्य,शिक्षा,पेंशन,आवास"
27,Schemes & Benefits,"It is a pension scheme for unorganised workers where they get ₹3000/month after age 60.","यह असंगठित श्रमिकों के लिए पेंशन योजना है जिसके तहत 60 वर्ष की आयु के बाद ₹3000/माह मिलते हैं।","pm shram yogi,pension scheme","पीएम श्रम योगी मानधन,पेंशन योजना"
28,Schemes & Benefits,"You can update Aadhaar details online on eshram.gov.in or visit a CSC centre.","आप eshram.gov.in पर ऑनलाइन आधार अपडेट कर सकते हैं या सीएससी केंद्र जा सकते हैं।","link aadhaar,e-shram,update aadhaar","आधार लिंक,ई-श्रम,अपडेट"
29,Schemes & Benefits,"Yes, registered construction workers under BOCW are eligible for housing schemes.","हाँ, BOCW के तहत पंजीकृत निर्माण श्रमिक आवास योजनाओं के पात्र हैं।","construction workers,housing schemes","निर्माण श्रमिक,आवास योजना"
30,Schemes & Benefits,"Workers with E-Shram card get ₹2 lakh accidental insurance under PMSBY scheme.","ई-श्रम कार्ड वाले श्रमिकों को PMSBY योजना के तहत ₹2 लाख का आकस्मिक बीमा मिलता है।","e-shram insurance,accidental insurance","ई-श्रम बीमा,आकस्मिक बीमा"
31,Health & Safety,"The employer is responsible for medical bills if you are injured during work. ESIC may also cover expenses.","यदि आप काम करते समय घायल होते हैं तो नियोक्ता चिकित्सा बिलों के लिए जिम्मेदार होता है। ईएसआईसी भी खर्चों को कवर कर सकता है।","medical bills,work injury,ESIC","चिकित्सा बिल,चोट,ईएसआईसी"
32,Health & Safety,"Employer must provide safety gear like helmet, gloves, and shoes for free.","नियोक्ता को हेलमेट, दस्ताने और जूते जैसे सुरक्षा उपकरण मुफ्त प्रदान करने होंगे।","safety gear,ppe","सुरक्षा उपकरण,पीपीई"
33,Health & Safety,"Yes, employer is responsible for workplace safety and accidents under labour laws.","हाँ, श्रम कानूनों के तहत कार्यस्थल की सुरक्षा और दुर्घटनाओं के लिए नियोक्ता जिम्मेदार होता है।","workplace accidents,safety,employer responsibility","कार्यस्थल दुर्घटना,सुरक्षा"
34,Health & Safety,"You can call 112 for emergencies or the MP Labour helpline for help.","आप आपात स्थिति के लिए 112 या मदद के लिए एमपी श्रम हेल्पलाइन पर कॉल कर सकते हैं।","helpline,accidents,emergency number","हेल्पलाइन,दुर्घटनाएं,आपातकालीन नंबर"
35,Health & Safety,"Yes, workers have the right to refuse unsafe work without losing wages.","हाँ, श्रमिकों को मजदूरी खोए बिना असुरक्षित काम करने से मना करने का अधिकार है।","refuse unsafe work,worker rights","असुरक्षित काम,अधिकार"
36,Social Security,"You can check PF balance online at epfindia.gov.in or by giving a missed call to the PF helpline.","आप epfindia.gov.in पर ऑनलाइन या पीएफ हेल्पलाइन पर मिस्ड कॉल देकर पीएफ बैलेंस चेक कर सकते हैं।","pf balance,epf,provident fund","पीएफ बैलेंस,भविष्य निधि"
37,Social Security,"You can withdraw PF online through the EPFO portal using your UAN and Aadhaar.","आप ईपीएफओ पोर्टल के माध्यम से अपने यूएएन और आधार का उपयोग करके पीएफ ऑनलाइन निकाल सकते हैं।","withdraw pf,epfo,uan,aadhaar","पीएफ निकासी,ईपीएफओ"
38,Social Security,"You can submit a pension claim form to EPFO office or apply online.","आप ईपीएफओ कार्यालय में पेंशन दावा फॉर्म जमा कर सकते हैं या ऑनलाइन आवेदन कर सकते हैं।","pension claim,retirement","पेंशन दावा,सेवानिवृत्ति"
39,Social Security,"ESIC provides medical and cash benefits to workers. You can register online on the ESIC portal.","ईएसआईसी श्रमिकों को चिकित्सा और नकद लाभ प्रदान करता है। आप ईएसआईसी पोर्टल पर ऑनलाइन पंजीकरण कर सकते हैं।","esic,register online","ईएसआईसी,पंजीकरण"
40,Social Security,"Your PF and ESIC benefits can be transferred when you change jobs using UAN.","आपके पीएफ और ईएसआईसी लाभ नौकरी बदलते समय यूएएन का उपयोग करके स्थानांतरित किए जा सकते हैं।","job change,benefits,transfer","नौकरी बदलना,लाभ स्थानांतरण"
41,Service Related,"The services of the Labour Department are available on the portal as per the services of the Labour Acts.","श्रम विभाग की सेवाएं श्रम अधिनियमों की सेवाओं के अनुसार पोर्टल पर उपलब्ध हैं।","services,labour acts","सेवाएं,श्रम अधिनियम"
42,Service Related,"The details of the service can be seen on the portal itself. The portal contains information about the Labour Acts as per the services.","सेवा का विवरण पोर्टल पर ही देखा जा सकता है। पोर्टल में सेवाओं के अनुसार श्रम अधिनियमों के बारे में जानकारी होती है।","service details,labour acts","सेवा का विवरण,श्रम अधिनियम"
43,Service Related,"The services of the Labour Department can be availed online on the Shram Seva Portal.","श्रम विभाग की सेवाओं का लाभ श्रम सेवा पोर्टल पर ऑनलाइन उठाया जा सकता है।","shram seva portal,online services","श्रम सेवा पोर्टल,ऑनलाइन सेवाएं"
44,Service Related,"Services related to the Labour Department are provided on the portal as per the Acts/Rules.","श्रम विभाग से संबंधित सेवाएं अधिनियमों/नियमों के अनुसार पोर्टल पर प्रदान की जाती हैं।","services,acts/rules","सेवाएं,अधिनियम/नियम"
45,Rights & Laws,"Workers should not work more than 8 hours a day and 48 hours a week.","श्रमिकों को प्रतिदिन 8 घंटे और प्रति सप्ताह 48 घंटे से अधिक काम नहीं करना चाहिए।","working hours,daily hours,weekly hours","काम के घंटे,अधिकतम"
46,Rights & Laws,"If workers do overtime, they must be paid double the normal wage rate.","यदि श्रमिक ओवरटाइम करते हैं, तो उन्हें सामान्य मजदूरी दर का दोगुना भुगतान किया जाना चाहिए।","overtime,overtime pay,double pay","ओवरटाइम भुगतान,दोगुना वेतन"
47,Rights & Laws,"Yes, women workers get 26 weeks of paid maternity leave under the law.","हाँ, कानून के तहत महिला श्रमिकों को 26 सप्ताह का सशुल्क मातृत्व अवकाश मिलता है।","women workers,maternity leave,paid leave","महिला श्रमिक,मातृत्व अवकाश"
48,Rights & Laws,"Children below 14 years cannot work in any job. Hazardous work is banned for all below 18.","14 वर्ष से कम उम्र के बच्चे किसी भी काम में नहीं लग सकते। 18 वर्ष से कम उम्र के सभी के लिए खतरनाक काम प्रतिबंधित है।","child labour,child labour laws","बाल श्रम,कानून"
49,Rights & Laws,"Yes, workers have the right to join or form a trade union for protecting their rights.","हाँ, श्रमिकों को अपने अधिकारों की रक्षा के लिए एक ट्रेड यूनियन में शामिल होने या बनाने का अधिकार है।","trade union,worker rights","यूनियन,अधिकार"
50,Migration & Identity,"You can apply for a labour card through the Labour Department or online portal with required documents.","आप श्रम विभाग या ऑनलाइन पोर्टल के माध्यम से आवश्यक दस्तावेजों के साथ श्रमिक कार्ड के लिए आवेदन कर सकते हैं।","labour card,apply,documents","श्रमिक कार्ड,आवेदन,दस्तावेज"
51,Migration & Identity,"You can update Aadhaar details by visiting the labour office or CSC centre.","आप श्रम कार्यालय या सीएससी केंद्र जाकर आधार विवरण अपडेट कर सकते हैं।","update aadhaar,labour records","आधार अपडेट,श्रमिक रिकॉर्ड"
52,Migration & Identity,"Migrant workers have the right to equal wages, housing, and social security like local workers.","प्रवासी श्रमिकों को स्थानीय श्रमिकों की तरह समान मजदूरी, आवास और सामाजिक सुरक्षा का अधिकार होता है।","migrant workers,equal wages,rights","प्रवासी श्रमिक,समान मजदूरी,अधिकार"
53,Migration & Identity,"Yes, the E-Shram card is valid across India for availing government benefits.","हाँ, ई-श्रम कार्ड पूरे भारत में सरकारी लाभों का लाभ उठाने के लिए मान्य है।","e-shram card,validity,all India","ई-श्रम कार्ड,मान्यता"
54,Migration & Identity,"You can transfer benefits through the E-Shram portal using Aadhaar and UAN.","आप आधार और यूएएन का उपयोग करके ई-श्रम पोर्टल पर लाभ स्थानांतरित कर सकते हैं।","transfer benefits,e-shram portal","लाभ स्थानांतरण,ई-श्रम पोर्टल"
55,Registration & Compliance,"You can register online at shramsuvidha.gov.in by filling in your details and uploading documents.","आप shramsuvidha.gov.in पर ऑनलाइन पंजीकरण कर सकते हैं, अपने विवरण भर कर और दस्तावेज अपलोड करके।","shram suvidha,register","श्रम सुविधा,पंजीकरण"
56,Registration & Compliance,"LIN is a unique number given to employers for compliance under labour laws.","एलआईएन एक अद्वितीय संख्या है जो नियोक्ताओं को श्रम कानूनों के अनुपालन के लिए दी जाती है।","lin,labour identification number","एलआईएन,श्रमिक पहचान संख्या"
57,Registration & Compliance,"Workers in construction can register under the BOCW Act through the Labour Department with ID proof and application form.","निर्माण में लगे श्रमिक आईडी प्रूफ और आवेदन पत्र के साथ श्रम विभाग के माध्यम से बीओसीडब्ल्यू अधिनियम के तहत पंजीकरण कर सकते हैं।","bocw act,register,construction workers","बीओसीडब्ल्यू अधिनियम,पंजीकरण"
58,Registration & Compliance,"You can apply for renewal of your labour licence online or at the Labour Department office before expiry.","आप अपने श्रमिक लाइसेंस के नवीनीकरण के लिए ऑनलाइन या श्रम विभाग कार्यालय में समाप्ति से पहले आवेदन कर सकते हैं।","renew licence,expiry","लाइसेंस नवीनीकरण,समाप्ति"
59,Registration & Compliance,"Employers must file annual returns through the Shram Suvidha Portal using their login credentials.","नियोक्ताओं को अपने लॉगिन क्रेडेंशियल्स का उपयोग करके श्रम सुविधा पोर्टल के माध्यम से वार्षिक रिटर्न दाखिल करना होगा।","annual returns,file returns","वार्षिक रिटर्न,दाखिल करना"
60,Licensing & Permits,"Contractors can apply for a labour licence by submitting application form and fees at the Labour Department or online portal.","ठेकेदार श्रम विभाग या ऑनलाइन पोर्टल पर आवेदन पत्र और शुल्क जमा करके श्रमिक लाइसेंस के लिए आवेदन कर सकते हैं।","labour licence,apply","श्रमिक लाइसेंस,आवेदन"
61,Licensing & Permits,"Employers who hire migrant workers must apply for ISMW licence from the Labour Department.","जो नियोक्ता प्रवासी श्रमिकों को काम पर रखते हैं, उन्हें श्रम विभाग से आईएसएमडब्ल्यू लाइसेंस के लिए आवेदन करना होगा।","ismw licence,migrant workers","आईएसएमडब्ल्यू लाइसेंस,प्रवासी श्रमिक"
62,Licensing & Permits,"Contractors must apply for CLRA licence (Contract Labour Regulation) from the Labour Department by submitting documents and fees.","ठेकेदारों को दस्तावेज और शुल्क जमा करके श्रम विभाग से सीएलआरए लाइसेंस (कॉन्ट्रैक्ट लेबर रेगुलेशन) के लिए आवेदन करना होगा।","clra licence,contractors","सीएलआरए लाइसेंस,ठेकेदार"
63,Licensing & Permits,"ID proof, previous licence copy, and fee payment receipt are required for licence renewal.","लाइसेंस नवीनीकरण के लिए आईडी प्रूफ, पिछले लाइसेंस की प्रति और शुल्क भुगतान की रसीद आवश्यक है।","licence renewal,documents","लाइसेंस नवीनीकरण,दस्तावेज"
64,Licensing & Permits,"If a licence expires, the contractor must stop work until renewal or risk penalty by authorities.","यदि लाइसेंस की अवधि समाप्त हो जाती है, तो ठेकेदार को नवीनीकरण तक काम बंद करना होगा या अधिकारियों द्वारा लगाए गए जुर्माने का जोखिम उठाना होगा।","licence expires,penalty","लाइसेंस समाप्त,जुर्माना"
65,Grievances & Helplines,"You can file a complaint at the Labour Department office or online grievance portal.","आप श्रम विभाग कार्यालय या ऑनलाइन शिकायत पोर्टल पर शिकायत दर्ज कर सकते हैं।","file complaint,grievance portal","शिकायत,शिकायत पोर्टल"
66,Grievances & Helplines,"Yes, you can call the MP Labour helpline or 155214 for assistance.","हाँ, आप एमपी श्रम हेल्पलाइन या 155214 पर सहायता के लिए कॉल कर सकते हैं।","helpline,labourers","हेल्पलाइन,श्रमिक"
67,Grievances & Helplines,"Most complaints are resolved within 30 days by the Labour Department.","अधिकांश शिकायतों का समाधान श्रम विभाग द्वारा 30 दिनों के भीतर किया जाता है।","resolve complaint,resolution time","समाधान,शिकायत का समय"
68,Grievances & Helplines,"Yes, workers can file complaints without revealing their name for safety reasons.","हाँ, श्रमिक सुरक्षा कारणों से अपना नाम बताए बिना शिकायत दर्ज कर सकते हैं।","anonymous complaint,safety","गुमनाम शिकायत,सुरक्षा"
69,Grievances & Helplines,"Employers who violate laws may face fines, licence cancellation, or jail depending on severity.","जो नियोक्ता कानूनों का उल्लंघन करते हैं, उन्हें गंभीरता के आधार पर जुर्माना, लाइसेंस रद्द करना या जेल हो सकती है।","violate laws,penalty,action","कानूनों का उल्लंघन,जुर्माना,कार्रवाई"
70,Women & Child Welfare,"Workplaces with many women must provide crèche facilities for children.","जिन कार्यस्थलों पर कई महिला श्रमिक हैं, वहां बच्चों के लिए क्रेच सुविधाएं प्रदान करना आवश्यक है।","crèche facilities,women workers","क्रेच सुविधा,महिला श्रमिक"
71,Women & Child Welfare,"Yes, women can work night shifts with proper safety and transport arrangements by the employer.","हाँ, महिला श्रमिकों को नियोक्ता द्वारा उचित सुरक्षा और परिवहन व्यवस्था के साथ रात की पाली में काम करने की अनुमति है।","women,night shifts,safety","महिला,रात की पाली,सुरक्षा"
72,Women & Child Welfare,"Every workplace must have an Internal Complaints Committee (ICC) to handle harassment cases.","प्रत्येक कार्यस्थल पर उत्पीड़न के मामलों को संभालने के लिए एक आंतरिक शिकायत समिति (आईसीसी) होनी चाहिए।","sexual harassment,ICC,complaint committee","यौन उत्पीड़न,आईसी"
73,Women & Child Welfare,"Yes, by law, women must be paid the same wages as men for the same work.","हाँ, कानून के अनुसार, महिलाओं को समान काम के लिए पुरुषों के समान वेतन मिलना चाहिए।","equal wages,women,men","समान वेतन,महिला,पुरुष"
74,Women & Child Welfare,"Women in the unorganised sector may get cash assistance and benefits under government schemes like PMMVY.","असंगठित क्षेत्र में महिलाओं को पीएमएमवीवाई जैसी सरकारी योजनाओं के माध्यम से नकद सहायता और लाभ मिल सकते हैं।","maternity benefits,unorganised sector,PMMVY","मातृत्व लाभ,असंगठित क्षेत्र,पीएएमएमवीवाई"
75,Schemes & Benefits,"Under the Pradhan Mantri Awas Yojana, eligible laborers can get financial assistance for constructing a house.","प्रधानमंत्री आवास योजना के तहत, पात्र श्रमिकों को घर बनाने के लिए वित्तीय सहायता मिल सकती है।","awas yojana,housing scheme","आवास योजना,घर"
76,Schemes & Benefits,"Under the Pradhan Mantri Suraksha Bima Yojana, workers can get ₹2 lakh insurance at a very low premium.","प्रधानमंत्री सुरक्षा बीमा योजना के तहत, श्रमिक बहुत कम प्रीमियम पर ₹2 लाख का बीमा प्राप्त कर सकते हैं।","suraksha bima,insurance","सुरक्षा बीमा,बीमा"
77,Rights & Laws,"Under the Minimum Wages Act, 1948, the government can fix the minimum wage for workers.<br/>More details can be obtained by this Government link for the act:<br/> ' https://clc.gov.in/clc/sites/default/files/MinimumWagesact.pdf ' <br/> If you want Me to summerize a bit for you Type or Speak ' Summarize minimum Wage act ' ","न्यूनतम मजदूरी अधिनियम, 1948 के तहत, सरकार श्रमिकों के लिए न्यूनतम मजदूरी तय कर सकती है।<br/>अधिनियम के लिए अधिक जानकारी इस सरकारी लिंक से प्राप्त की जा सकती है:<br/> ' https://clc.gov.in/clc/sites/default/files/MinimumWagesact.pdf ' <br/> यदि आप चाहते हैं कि मैं आपके लिए थोड़ा संक्षेप में बताऊं तो ' न्यूनतम वेतन अधिनियम का सारांश दीजिए '"," ","न्यूनतम मजदूरी अधिनियम"
78,Rights & Laws,"A worker is entitled to one paid holiday for every 20 days of work.","एक श्रमिक हर 20 दिनों के काम के लिए एक सशुल्क छुट्टी का हकदार है।","paid holiday,leave","सशुल्क छुट्टी,अवकाश"
79,Rights & Laws,"The Industrial Employment (Standing Orders) Act, 1946, regulates the conditions of employment in industrial establishments.<br/>More details can be obtained by this Government link for the act:<br/> ' https://labour.gov.in/sites/default/files/Industrial-Employment-Standing-Orders-Act-1946.pdf ' <br/> If you want Me to summerize a bit for you Type or Speak ' Summarize Industrial Employment Act, 1946' ","औद्योगिक रोजगार (स्थायी आदेश) अधिनियम, 1946, औद्योगिक प्रतिष्ठानों में रोजगार की शर्तों को नियंत्रित करता है।<br/>इस अधिनियम के लिए अधिक जानकारी इस सरकारी लिंक से प्राप्त की जा सकती है:<br/> ' https://labour.gov.in/sites/default/files/Industrial-Employment-Standing-Orders-Act-1946.pdf ' <br/> यदि आप चाहते हैं कि मैं आपके लिए थोड़ा संक्षेप में बताऊं तो <br/>'औद्योगिक रोजगार अधिनियम, 1946 का सारांश' लिखें।","standing orders,employment conditions","स्थायी आदेश,रोजगार की शर्तें"
80,Rights & Laws,"Workers have the right to a safe working environment and regular breaks.","श्रमिकों को एक सुरक्षित कार्य वातावरण और नियमित अवकाश का अधिकार है।","worker rights,safe environment","श्रमिक अधिकार,सुरक्षित वातावरण"
81,Rights & Laws,"A worker is entitled to an annual leave with wages after working for a continuous period of 240 days.","एक श्रमिक लगातार 240 दिनों तक काम करने के बाद मजदूरी के साथ वार्षिक अवकाश का हकदार है।","annual leave,paid leave","वार्षिक अवकाश,सशुल्क अवकाश"
82,Rights & Laws,"The Equal Remuneration Act, 1976, ensures that men and women get equal pay for equal work. <br/> More details can be obtained by this Government link for the act:<br/> ' https://samadhan.labour.gov.in/whatsnew/equal_remuneration_act_1976.pdf ' <br/> If you want Me to summerize a bit for you Type or Speak' Summarize EQUAL REMUNERATION ACT '","समान पारिश्रमिक अधिनियम, 1976 यह सुनिश्चित करता है कि पुरुषों और महिलाओं को समान कार्य के लिए समान वेतन मिले। <br/> अधिनियम के लिए अधिक जानकारी इस सरकारी लिंक से प्राप्त की जा सकती है: <br/> ' https://samadhan.labour.gov.in/whatsnew/equal_remuneration_act_1976.pdf ' <br/> यदि आप चाहते हैं कि मैं आपके लिए थोड़ा संक्षेप में बताऊं तो ' समान पारिश्रमिक अधिनियम का सारांश लिखें '","equal pay,equal work","समान वेतन,समान काम"
83,Rights & Laws,"The Trade Unions Act, 1926, provides for the registration and regulation of trade unions.<br/> More details can be obtained by this Government link for the act:<br/> ' https://cib.assam.gov.in/sites/default/files/Trade%20Union%20Act.pdf ' <br/> If you want Me to summerize a bit for you Type or Speak ' Summarize Trade Union Act '","ट्रेड यूनियन अधिनियम, 1926, ट्रेड यूनियनों के पंजीकरण और विनियमन का प्रावधान करता है।<br/> अधिनियम के लिए अधिक जानकारी इस सरकारी लिंक से प्राप्त की जा सकती है:<br/> ' https://cib.assam.gov.in/sites/default/files/Trade%20Union%20Act.pdf ' <br/> यदि आप चाहते हैं कि मैं आपके लिए थोड़ा संक्षेप में बताऊं तो टाइप करें या बोलें 'ट्रेड यूनियन अधिनियम का सारांश'","trade unions act","ट्रेड यूनियंस अधिनियम"
84,Health & Safety,"The Factories Act, 1948, makes it mandatory for factories to ensure the safety and health of their workers. <br/> More details can be obtained by this Government link for the act:<br/> ' https://labour.gov.in/sites/default/files/factories_act_1948.pdf ' <br/> If you want Me to summerize a bit for you Type or Speak' Summarize The factories Act 1948 '","कारखाना अधिनियम, 1948 कारखानों के लिए अपने श्रमिकों की सुरक्षा और स्वास्थ्य सुनिश्चित करना अनिवार्य बनाता है। <br/> अधिनियम के लिए अधिक जानकारी इस सरकारी लिंक से प्राप्त की जा सकती है: <br/> ' https://labour.gov.in/sites/default/files/factories_act_1948.pdf ' <br/> यदि आप चाहते हैं कि मैं आपके लिए थोड़ा संक्षेप में लिखूं तो लिखें या बोलें ' कारखाना अधिनियम 1948 का सारांश दें '","factories act,safety","कारखाना अधिनियम,सुरक्षा"
85,Health & Safety,"Workplaces with over 100 workers must have an ambulance room for first aid and medical emergencies.","100 से अधिक श्रमिकों वाले कार्यस्थलों पर प्राथमिक चिकित्सा और चिकित्सा आपात स्थितियों के लिए एक एम्बुलेंस कक्ष होना चाहिए।","ambulance room,first aid","एम्बुलेंस कक्ष,प्राथमिक चिकित्सा"
86,Health & Safety,"Under the Employees' State Insurance Act, workers are entitled to medical care and sickness benefits.","कर्मचारी राज्य बीमा अधिनियम के तहत, श्रमिक चिकित्सा देखभाल और बीमारी लाभों के हकदार हैं।","ESIC,medical care","ईएसआईसी,चिकित्सा देखभाल"
87,Health & Safety,"The Employer's Liability Act makes employers liable for injuries sustained by workers at the workplace.","नियोक्ता का दायित्व अधिनियम नियोक्ताओं को कार्यस्थल पर श्रमिकों द्वारा लगी चोटों के लिए उत्तरदायी बनाता है।","employer liability,injury","नियोक्ता का दायित्व,चोट"
88,Health & Safety,"Regular health check-ups for workers in hazardous industries are mandatory under the law.","खतरनाक उद्योगों में श्रमिकों के लिए नियमित स्वास्थ्य जांच कानून के तहत अनिवार्य है।","health check-ups,hazardous industries","स्वास्थ्य जांच,खतरनाक उद्योग"
89,Health & Safety,"Workplaces are required to have adequate ventilation, lighting, and drinking water facilities.","कार्यस्थलों में पर्याप्त वेंटिलेशन, प्रकाश व्यवस्था और पीने के पानी की सुविधाएँ होना आवश्यक है।","workplace facilities,safety","कार्यस्थल सुविधा,सुरक्षा"
90,Health & Safety,"Employers must provide a suitable restroom and shelter for workers to rest during breaks.","नियोक्ताओं को अवकाश के दौरान श्रमिकों को आराम करने के लिए एक उपयुक्त शौचालय और आश्रय प्रदान करना होगा।","restroom,shelter","शौचालय,आश्रय"
91,Health & Safety,"Regular cleaning of workplaces, proper disposal of waste, and a clean environment are mandatory.","कार्यस्थलों की नियमित सफाई, कचरे का उचित निपटान और एक स्वच्छ वातावरण अनिवार्य है।","workplace hygiene,cleaning","कार्यस्थल स्वच्छता,सफाई"
92,Wages & Payments,"Overtime is calculated based on the worker's basic wage and is typically double the normal rate.","ओवरटाइम की गणना श्रमिक की मूल मजदूरी के आधार पर की जाती है और यह सामान्य दर से दोगुना होता है।","overtime calculation,basic wage","ओवरटाइम गणना,मूल मजदूरी"
93,Wages & Payments,"According to the Payment of Wages Act, wages must be paid before the 7th day of the next month.","भुगतान मजदूरी अधिनियम के अनुसार, मजदूरी अगले महीने की 7 तारीख से पहले दी जानी चाहिए।","payment of wages act","भुगतान मजदूरी अधिनियम"
94,Wages & Payments,"The Payment of Bonus Act makes it mandatory for employers to pay a bonus to workers annually.","बोनस भुगतान अधिनियम नियोक्ताओं के लिए श्रमिकों को सालाना बोनस का भुगतान करना अनिवार्य बनाता है।","bonus,payment of bonus act","बोनस,बोनस भुगतान अधिनियम"
95,Wages & Payments,"Employers cannot make unauthorized deductions from a worker's wages.","नियोक्ता श्रमिक के वेतन से अनधिकृत कटौती नहीं कर सकते।","wage deductions,unauthorized","वेतन कटौती,अनधिकृत"
96,Wages & Payments,"Final wages must be paid to a worker within two days of their resignation or termination.","किसी श्रमिक के इस्तीफे या समाप्ति के दो दिनों के भीतर अंतिम मजदूरी का भुगतान किया जाना चाहिए।","final wages,payment","अंतिम मजदूरी,भुगतान"
97,Wages & Payments,"Wages must be paid in cash or through bank transfer, as per the worker's choice.","श्रमिक की पसंद के अनुसार, मजदूरी का भुगतान नकद या बैंक हस्तांतरण के माध्यम से किया जाना चाहिए।","wage payment,cash,bank transfer","मजदूरी भुगतान,नकद,बैंक हस्तांतरण"
98,Registration & Compliance,"A labour licence is required for contractors who hire 20 or more contract workers.","20 या उससे अधिक संविदा श्रमिकों को काम पर रखने वाले ठेकेदारों के लिए एक श्रमिक लाइसेंस आवश्यक है।","labour licence,contract workers","श्रमिक लाइसेंस,संविदा श्रमिक"
99,Registration & Compliance,"The Labour Law Compliance Portal (Shram Suvidha) simplifies the filing of various labour-related returns.","श्रम कानून अनुपालन पोर्टल (श्रम सुविधा) विभिन्न श्रम-संबंधी रिटर्न दाखिल करने को सरल बनाता है।","shram suvidha,compliance portal","श्रम सुविधा,अनुपालन"
100,Registration & Compliance,"Employers with 10 or more workers must register under the Factories Act, 1948.","10 या अधिक श्रमिकों वाले नियोक्ताओं को कारखाना अधिनियम, 1948 के तहत पंजीकरण करना होगा।","factories act,registration","कारखाना अधिनियम,पंजीकरण"
101,Registration & Compliance,"All establishments employing 10 or more workers must register under the Shops and Establishments Act.","10 या अधिक श्रमिकों को रोजगार देने वाले सभी प्रतिष्ठानों को दुकानें और प्रतिष्ठान अधिनियम के तहत पंजीकरण करना होगा।","shops act,registration","दुकानें अधिनियम,पंजीकरण"
102,Registration & Compliance,"Establishments must maintain registers and records of their workers, wages, and working hours.","प्रतिष्ठानों को अपने श्रमिकों, मजदूरी और काम के घंटों के रजिस्टर और रिकॉर्ड बनाए रखना चाहिए।","records,registers","रिकॉर्ड,रजिस्टर"
103,Migration & Identity,"Interstate migrant workers can register on the E-Shram portal to avail benefits in any state.","अंतरराज्यीय प्रवासी श्रमिक किसी भी राज्य में लाभ उठाने के लिए ई-श्रम पोर्टल पर पंजीकरण कर सकते हैं।","migrant workers,interstate","प्रवासी श्रमिक,अंतरराज्यीय"
104,Migration & Identity,"The Interstate Migrant Workmen Act, 1979, protects the rights of migrant workers.","अंतरराज्यीय प्रवासी कामगार अधिनियम, 1979, प्रवासी श्रमिकों के अधिकारों की रक्षा करता है।","migrant workmen act","प्रवासी कामगार अधिनियम"
105,Grievances & Helplines,"The Industrial Disputes Act, 1947, has provisions for resolving industrial disputes and worker grievances.","औद्योगिक विवाद अधिनियम, 1947 में औद्योगिक विवादों और श्रमिक शिकायतों के समाधान के प्रावधान हैं।","industrial disputes,grievances","औद्योगिक विवाद,शिकायत"
106,Grievances & Helplines,"The MP Labour Department has a dedicated grievance redressal system for workers.","एमपी श्रम विभाग के पास श्रमिकों के लिए एक समर्पित शिकायत निवारण प्रणाली है।","grievance redressal,labour department","शिकायत निवारण,श्रम विभाग"
107,Grievances & Helplines,"Workers can also approach the local Labour Inspector to resolve minor disputes.","श्रमिक छोटे-मोटे विवादों को हल करने के लिए स्थानीय श्रम निरीक्षक से भी संपर्क कर सकते हैं।","labour inspector,disputes","श्रम निरीक्षक,विवाद"
108,Women & Child Welfare,"The Child Labour (Prohibition & Regulation) Act, 1986, prohibits the employment of children below 14.","बाल श्रम (निषेध और विनियमन) अधिनियम, 1986, 14 वर्ष से कम उम्र के बच्चों के रोजगार पर प्रतिबंध लगाता है।","child labour act","बाल श्रम अधिनियम"
109,Women & Child Welfare,"The Maternity Benefit Act, 1961, ensures paid leave and benefits for women workers during maternity.","मातृत्व लाभ अधिनियम, 1961, मातृत्व के दौरान महिला श्रमिकों के लिए सशुल्क छुट्टी और लाभ सुनिश्चित करता है।","maternity benefit act","मातृत्व लाभ अधिनियम"
110,Licensing & Permits,"The renewal of a licence must be done at least 30 days before its expiry date.","लाइसेंस का नवीनीकरण उसकी समाप्ति तिथि से कम से कम 30 दिन पहले किया जाना चाहिए।","licence renewal,30 days","लाइसेंस नवीनीकरण,30 दिन"
111,Licensing & Permits,"The Contract Labour Act prohibits the employment of contract labour in certain core activities of an establishment.","ठेका श्रम अधिनियम एक प्रतिष्ठान की कुछ मुख्य गतिविधियों में संविदा श्रम के रोजगार पर प्रतिबंध लगाता है।","contract labour,prohibition","ठेका श्रम,प्रतिबंध"
112,Licensing & Permits,"A licence under the Contract Labour (Regulation & Abolition) Act, 1970, is mandatory for contractors.","ठेका श्रम (विनियमन और उन्मूलन) अधिनियम, 1970 के तहत एक लाइसेंस ठेकेदारों के लिए अनिवार्य है।","clra licence,contract labour","सीएलआरए लाइसेंस,ठेका श्रम"
113,Social Security,"The Employees' Provident Funds and Miscellaneous Provisions Act provides for provident fund and pension.","कर्मचारी भविष्य निधि और विविध प्रावधान अधिनियम भविष्य निधि और पेंशन का प्रावधान करता है।","epf act,pension","ईपीएफ अधिनियम,पेंशन"
114,Technical Support,"In case of any technical problem, you can send your problem via e-mail to lcmpit@mp.gov.in or commlab@nic.in.","किसी भी तकनीकी समस्या की स्थिति में, आप अपनी समस्या ई-मेल के माध्यम से lcmpit@mp.gov.in या commlab@nic.in पर भेज सकते हैं।","technical support,email support","तकनीकी सहायता,ईमेल सहायता"
115,Documents,"The documents required for the application will be uploaded on the portal in digital format only.","आवेदन के लिए आवश्यक दस्तावेज डिजिटल प्रारूप में ही पोर्टल पर अपलोड किए जाएंगे।","documents,upload,digital format","दस्तावेज,अपलोड,डिजिटल प्रारूप"
116,Documents,"The applicant will have to arrange the documents required for the application as per the instructions given on the portal.","आवेदक को पोर्टल पर दिए गए निर्देशों के अनुसार आवेदन के लिए आवश्यक दस्तावेजों की व्यवस्था करनी होगी।","documents,arrange","दस्तावेज,व्यवस्था"
117,Documents,"A list of required documents is available on the portal itself.","आवश्यक दस्तावेजों की सूची पोर्टल पर ही उपलब्ध है।","list of documents,portal","दस्तावेजों की सूची,पोर्टल"
118,Documents,"Documents can be scanned from the scanner and uploaded digitally.","दस्तावेजों को स्कैनर से स्कैन करके डिजिटल रूप से अपलोड किया जा सकता है।","scan documents,upload digitally","दस्तावेज स्कैन करें,डिजिटल अपलोड"
119,Fees,"The fees related to the service will have to be paid online only through the portal.","सेवा से संबंधित शुल्क का भुगतान केवल पोर्टल के माध्यम से ऑनलाइन ही करना होगा।","fees,online payment","शुल्क,ऑनलाइन भुगतान"
120,Fees,"The fees related to the service are as per the provisions of the Acts/Rules. The details of the fees are available on the portal itself.","सेवा से संबंधित शुल्क अधिनियमों/नियमों के प्रावधानों के अनुसार हैं। शुल्क का विवरण पोर्टल पर ही उपलब्ध है।","fees,provisions","शुल्क,प्रावधान"
121,Fees,"Fees related to all the services of the Labour Department are collected online only through the Shram Seva Portal.","श्रम विभाग की सभी सेवाओं से संबंधित शुल्क केवल श्रम सेवा पोर्टल के माध्यम से ऑनलाइन एकत्र किए जाते हैं।","fees,online collection","शुल्क,ऑनलाइन संग्रह"
122,Fees,"You have to pay fees through online payment only. Fees can be paid through Net Banking, Debit Card, Credit Card, UPI.","आपको केवल ऑनलाइन भुगतान के माध्यम से शुल्क का भुगतान करना होगा। शुल्क का भुगतान नेट बैंकिंग, डेबिट कार्ड, क्रेडिट कार्ड, यूपीआई के माध्यम से किया जा सकता है।","online payment,payment methods","ऑनलाइन भुगतान,भुगतान विधियां"
123,E-Services,"E-services are available on the portal for the services provided by the Labour Department.","श्रम विभाग द्वारा प्रदान की जाने वाली सेवाओं के लिए ई-सेवाएं पोर्टल पर उपलब्ध हैं।","e-services,portal","ई-सेवाएं,पोर्टल"
124,E-Services,"An e-service is an electronic service that can be availed online.","ई-सेवा एक इलेक्ट्रॉनिक सेवा है जिसका लाभ ऑनलाइन उठाया जा सकता है।","e-service,online","ई-सेवा,ऑनलाइन"
125,E-Services,"All the services of the Labour Department are available on the portal as e-services.","श्रम विभाग की सभी सेवाएं ई-सेवाओं के रूप में पोर्टल पर उपलब्ध हैं।","e-services,labour department","ई-सेवाएं,श्रम विभाग"
126,Inspection List,"The inspection list is released on the basis of 15 risk-based parameters to inspect shops, establishments and factories.","निरीक्षण सूची दुकानों, प्रतिष्ठानों और कारखानों का निरीक्षण करने के लिए 15 जोखिम-आधारित मापदंडों के आधार पर जारी की जाती है।","inspection list,risk-based parameters","निरीक्षण सूची,जोखिम-आधारित मापदंड"
127,Inspection List,"The inspection list is released by the Shram Seva Portal.","निरीक्षण सूची श्रम सेवा पोर्टल द्वारा जारी की जाती है।","inspection list,shram seva portal","निरीक्षण सूची,श्रम सेवा पोर्टल"
128,Inspection List,"The basis for issuing the inspection list by the Shram Seva Portal is the 15 risk-based parameters for shops, establishments and factories.","श्रम सेवा पोर्टल द्वारा निरीक्षण सूची जारी करने का आधार दुकानों, प्रतिष्ठानों और कारखानों के लिए 15 जोखिम-आधारित मापदंड हैं।","inspection list,15 parameters","निरीक्षण सूची,15 मापदंड"
129,Inspection List,"The inspection list is for shops, establishments and factories that come under the Labour Department.","निरीक्षण सूची उन दुकानों, प्रतिष्ठानों और कारखानों के लिए है जो श्रम विभाग के अंतर्गत आते हैं।","inspection list,labour department","निरीक्षण सूची,श्रम विभाग"
130,Inspection List,"All shops, establishments, and factories under the Labour Department are selected for inspection based on 15 risk-based parameters. Institutions/factories with higher risk are proposed to be inspected on a priority basis.","श्रम विभाग के अंतर्गत आने वाले सभी दुकानों, प्रतिष्ठानों और कारखानों का निरीक्षण 15 जोखिम-आधारित मापदंडों के आधार पर किया जाता है। अधिक जोखिम आधारित संस्थानों/कारखानों का निरीक्षण प्राथमिकता के आधार पर प्रस्तावित है।","inspection list,priority","निरीक्षण सूची,प्राथमिकता"
131,Technical Support,"In case of any technical problem, you can send your problem via e-mail to lcmpit@mp.gov.in or commlab@nic.in. Please write your name and mobile number along with the e-mail of the problem so that you can be contacted if necessary, and attach a screenshot of the problem.","किसी भी तकनीकी समस्या की स्थिति में, आप अपनी समस्या ई-मेल के माध्यम से lcmpit@mp.gov.in या commlab@nic.in पर भेज सकते हैं। कृपया समस्या के ई-मेल के साथ अपना नाम और मोबाइल नंबर लिखें ताकि आवश्यकता पड़ने पर आपसे संपर्क किया जा सके और समस्या का स्क्रीन शॉट संलग्न करें।","technical support,email support","तकनीकी सहायता,ईमेल सहायता"
132,Technical Support,"You can send your problem via e-mail to lcmpit@mp.gov.in or commlab@nic.in.","आप अपनी समस्या ई-मेल के माध्यम से lcmpit@mp.gov.in या commlab@nic.in पर भेज सकते हैं।","email support","ईमेल सहायता"
133,Technical Support,"You can get technical support by sending an e-mail.","आप ई-मेल भेजकर तकनीकी सहायता प्राप्त कर सकते हैं।","technical support","तकनीकी सहायता"
134,Technical Support,"You can send your problem to lcmpit@mp.gov.in or commlab@nic.in.","आप अपनी समस्या lcmpit@mp.gov.in या commlab@nic.in पर भेज सकते हैं।","email address","ईमेल पता"
135,Technical Support,"It is necessary to write your name and mobile number along with the e-mail of the problem so that you can be contacted if necessary.","आपसे संपर्क किया जा सके, इसके लिए समस्या के ई-मेल के साथ अपना नाम और मोबाइल नंबर लिखना आवश्यक है।","contact details,email","संपर्क विवरण,ईमेल"
136,Technical Support,"You should also attach a screenshot of the problem with the e-mail.","आपको ई-मेल के साथ समस्या का स्क्रीन शॉट भी संलग्न करना चाहिए।","screenshot,attach","स्क्रीनशॉट,संलग्न करें"
137,Technical Support,"The problem can be solved with the help of e-mail.","ई-मेल की मदद से समस्या का समाधान किया जा सकता है।","solve problem,email","समस्या समाधान,ईमेल"
138,General,"The services of the Labour Department can be availed online on the Shram Seva Portal.","श्रम विभाग की सेवाओं का लाभ श्रम सेवा पोर्टल पर ऑनलाइन उठाया जा सकता है।","labour department,shram seva portal","श्रम विभाग,श्रम सेवा पोर्टल"
139,General,"The services of the Labour Department are provided as per the provisions of the Labour Acts.","श्रम विभाग की सेवाएं श्रम अधिनियमों के प्रावधानों के अनुसार प्रदान की जाती हैं।","labour acts,provisions","श्रम अधिनियम,प्रावधान"
140,General,"All the services of the Labour Department are available on the portal as e-services.","श्रम विभाग की सभी सेवाएं ई-सेवाओं के रूप में पोर्टल पर उपलब्ध हैं।","e-services,labour department","ई-सेवाएं,श्रम विभाग"
141,General,"The status of the application can be tracked from time to time on the portal through the docket number and password.","डॉकेट नंबर और पासवर्ड के माध्यम से पोर्टल पर आवेदन की स्थिति को समय-समय पर ट्रैक किया जा सकता है।","track status,docket number","स्थिति ट्रैक करें,डॉकेट नंबर"
142,General,"You can get technical support by sending an e-mail to lcmpit@mp.gov.in or commlab@nic.in.","आप lcmpit@mp.gov.in या commlab@nic.in पर ई-मेल भेजकर तकनीकी सहायता प्राप्त कर सकते हैं।","technical support,email","तकनीकी सहायता,ईमेल"
143,General,"The link to the documents are avaliable on our app","हमारे ऐप पर दस्तावेज़ों के लिए लिंक उपलब्ध हैं।","documents,app","दस्तावेज़,ऐप"
144,General,"The fees related to the services are collected online only through the portal.","सेवाओं से संबंधित शुल्क केवल पोर्टल के माध्यम से ऑनलाइन एकत्र किए जाते हैं।","fees,online payment","शुल्क,ऑनलाइन भुगतान"
145,General,"The documents required for the application will be uploaded on the portal in digital format only.","आवेदन के लिए आवश्यक दस्तावेज डिजिटल प्रारूप में ही पोर्टल पर अपलोड किए जाएंगे।","documents,digital format","दस्तावेज,डिजिटल प्रारूप"
146,General,"The registration process is completely online, hence the presence of the applicant in the office is not necessary.","पंजीकरण की प्रक्रिया पूरी तरह से ऑनलाइन है, अतः आवेदक की कार्यालय में उपस्थिति आवश्यक नहीं है।","registration,online","पंजीकरण,ऑनलाइन"
147,General,"For the services of the Labour Department, it is necessary to get the registration done on the Shram Seva Portal.","श्रम विभाग की सेवाओं के लिए, श्रम सेवा पोर्टल पर पंजीकरण कराना आवश्यक है।","registration,shram seva","पंजीकरण,श्रम सेवा"
148,General,"The inspection list is for shops, establishments and factories that come under the Labour Department.","निरीक्षण सूची उन दुकानों, प्रतिष्ठानों और कारखानों के लिए है जो श्रम विभाग के अंतर्गत आते हैं।","inspection list,labour department","निरीक्षण सूची,श्रम विभाग"
149,General,"The inspection list is released on the basis of 15 risk-based parameters to inspect shops, establishments and factories.","निरीक्षण सूची दुकानों, प्रतिष्ठानों और कारखानों का निरीक्षण करने के लिए 15 जोखिम-आधारित मापदंडों के आधार पर जारी की जाती है।","inspection list,risk-based","निरीक्षण सूची,जोखिम-आधारित"
150,General,"You can file a complaint with the Labour Commissioner's Office if they are paid less than the minimum wage.","यदि श्रमिकों को न्यूनतम मजदूरी से कम भुगतान किया जाता है, तो वे श्रम आयुक्त कार्यालय में शिकायत दर्ज कर सकते हैं।","complaint,minimum wage","शिकायत,न्यूनतम मजदूरी"
151,General,"The final settlement of wages must be done within two days of a worker's resignation or termination.","एक श्रमिक के इस्तीफे या समाप्ति के दो दिनों के भीतर मजदूरी का अंतिम निपटान किया जाना चाहिए।","final wages,resignation","अंतिम मजदूरी,इस्तीफा"
152,General,"Wages can be paid in cash or through bank transfer, as per the worker's choice.","श्रमिक की पसंद के अनुसार, मजदूरी का भुगतान नकद या बैंक हस्तांतरण के माध्यम से किया जा सकता है।","payment method,cash","भुगतान विधि,नकद"
153,General,"A worker can approach the local Labour Inspector or the Labour Commissioner's Office for complaint redressal.","एक श्रमिक शिकायत निवारण के लिए स्थानीय श्रम निरीक्षक या श्रम आयुक्त कार्यालय से संपर्क कर सकता है।","complaint,labour inspector","शिकायत,श्रम निरीक्षक"
154,General,"Workers have the right to join or form a trade union for protecting their rights.","श्रमिकों को अपने अधिकारों की रक्षा के लिए एक ट्रेड यूनियन में शामिल होने या बनाने का अधिकार है।","trade union,worker rights","ट्रेड यूनियन,श्रमिक अधिकार"
155,General,"The Equal Remuneration Act, 1976, ensures that men and women get equal pay for equal work.","समान पारिश्रमिक अधिनियम, 1976, यह सुनिश्चित करता है कि पुरुषों और महिलाओं को समान काम के लिए समान वेतन मिले।","equal pay,equal work","समान वेतन,समान काम"
156,General,"The Child Labour Act, 1986, prohibits the employment of children below 14 years.","बाल श्रम अधिनियम, 1986, 14 वर्ष से कम उम्र के बच्चों के रोजगार पर प्रतिबंध लगाता है।","child labour,prohibition","बाल श्रम,निषेध"
157,General,"Workplaces with over 30 women must provide crèche facilities for children below 6 years.","30 से अधिक महिला श्रमिकों वाले कार्यस्थलों पर 6 वर्ष से कम उम्र के बच्चों के लिए क्रेच सुविधाएं प्रदान करना होगा।","creche facility,women workers","क्रेच सुविधा,महिला श्रमिक"
158,General,"Women workers are entitled to 26 weeks of paid maternity leave under the Maternity Benefit Act, 1961.","मातृत्व लाभ अधिनियम, 1961 के तहत महिला श्रमिक 26 सप्ताह के सशुल्क मातृत्व अवकाश के हकदार हैं।","maternity benefit,paid leave","मातृत्व लाभ,सशुल्क अवकाश"
159,General,"Women in the unorganised sector may get cash assistance and benefits under government schemes like PMMVY.","असंगठित क्षेत्र में महिलाओं को पीएमएमवीवाई जैसी सरकारी योजनाओं के माध्यम से नकद सहायता और लाभ मिल सकते हैं।","maternity benefits,unorganised sector","मातृत्व लाभ,असंगठित क्षेत्र"
160,General,"The MP Labour Department has a dedicated online portal for grievance redressal.","एमपी श्रम विभाग के पास शिकायत निवारण के लिए एक समर्पित ऑनलाइन पोर्टल है।","grievance portal,labour department","शिकायत पोर्टल,श्रम विभाग"
161,General,"The MP Labour Helpline number is 155214.","एमपी श्रम हेल्पलाइन नंबर 155214 है।","helpline,contact","हेल्पलाइन,संपर्क"
162,General,"Migrant workers have the right to equal wages, housing, and social security like local workers.","प्रवासी श्रमिकों को स्थानीय श्रमिकों की तरह समान मजदूरी, आवास और सामाजिक सुरक्षा का अधिकार होता है।","migrant workers,rights","प्रवासी श्रमिक,अधिकार"
163,General,"The E-Shram card is a national identity card and is valid across India.","ई-श्रम कार्ड एक राष्ट्रीय पहचान पत्र है और पूरे भारत में मान्य है।","e-shram card,validity","ई-श्रम कार्ड,मान्यता"
164,General,"You can update Aadhaar details online on eshram.gov.in or visit a CSC centre.","आप eshram.gov.in पर ऑनलाइन आधार अपडेट कर सकते हैं या सीएससी केंद्र जा सकते हैं।","aadhaar,e-shram,update","आधार,ई-श्रम,अपडेट"
165,General,"Under the Pradhan Mantri Awas Yojana, eligible laborers can get financial assistance for constructing a house.","प्रधानमंत्री आवास योजना के तहत, पात्र श्रमिकों को घर बनाने के लिए वित्तीय सहायता मिल सकती है।","awas yojana,housing scheme","आवास योजना,घर"
166,General,"Employers must provide safety gear like helmet, gloves, and shoes for free.","नियोक्ताओं को हेलमेट, दस्ताने और जूते जैसे सुरक्षा उपकरण मुफ्त प्रदान करने होंगे।","safety gear,ppe","सुरक्षा उपकरण,पीपीई"
167,General,"The Factories Act, 1948, makes it mandatory for factories to ensure the safety and health of their workers.","कारखाना अधिनियम, 1948, कारखानों के लिए श्रमिकों की सुरक्षा और स्वास्थ्य सुनिश्चित करना अनिवार्य बनाता है।","factories act,safety,health","कारखाना अधिनियम,सुरक्षा,स्वास्थ्य"
168,General,"Workplaces with over 100 workers must have an ambulance room for first aid and medical emergencies.","100 से अधिक श्रमिकों वाले कार्यस्थलों पर प्राथमिक चिकित्सा और चिकित्सा आपात स्थितियों के लिए एक एम्बुलेंस कक्ष होना चाहिए।","ambulance room,first aid","एम्बुलेंस कक्ष,प्राथमिक चिकित्सा"
169,General,"The bonus is calculated as 8.33% of the worker's salary or a minimum of ₹100, whichever is higher.","बोनस की गणना श्रमिक के वेतन के 8.33% या न्यूनतम ₹100, जो भी अधिक हो, के रूप में की जाती है","bonus,calculation","बोनस,गणना"
170,General,"If workers do overtime, they must be paid double the normal wage rate.","यदि श्रमिक ओवरटाइम करते हैं, तो उन्हें सामान्य मजदूरी दर का दोगुना भुगतान किया जाना चाहिए।","overtime,rules","ओवरटाइम,नियम"
171,General,"Yes, workers have the right to refuse unsafe work without losing wages.","हाँ, श्रमिकों को मजदूरी खोए बिना असुरक्षित काम करने से मना करने का अधिकार है।","unsafe work,refuse","असुरक्षित काम,मना करना"
172,General,"Regular cleaning of workplaces, proper disposal of waste, and a clean environment are mandatory.","कार्यस्थलों की नियमित सफाई, कचरे का उचित निपटान और एक स्वच्छ वातावरण अनिवार्य है।","workplace hygiene,cleaning","कार्यस्थल स्वच्छता,सफाई"
173,General,"Regular health check-ups for workers in hazardous industries are mandatory under the law.","खतरनाक उद्योगों में श्रमिकों के लिए नियमित स्वास्थ्य जांच कानून के तहत अनिवार्य है।","health check-ups,hazardous industries","स्वास्थ्य जांच,खतरनाक उद्योग"
174,General,"The Employer's Liability Act makes employers liable for injuries sustained by workers at the workplace.","नियोक्ता का दायित्व अधिनियम नियोक्ताओं को कार्यस्थल पर श्रमिकों द्वारा लगी चोटों के लिए उत्तरदायी बनाता है।","employer liability,injury","नियोक्ता का दायित्व,चोट"
175,General,"Workers have the right to a safe working environment and regular breaks.","श्रमिकों को एक सुरक्षित कार्य वातावरण और नियमित अवकाश का अधिकार है।","worker rights,safe environment","श्रमिक अधिकार,सुरक्षित वातावरण"
176,General,"Final wages must be paid to a worker within two days of their resignation or termination.","किसी श्रमिक के इस्तीफे या समाप्ति के दो दिनों के भीतर अंतिम मजदूरी का भुगतान किया जाना चाहिए।","final wages,payment","अंतिम मजदूरी,भुगतान"
177,General,"Employers cannot make unauthorized deductions from a worker's wages.","नियोक्ता श्रमिक के वेतन से अनधिकृत कटौती नहीं कर सकते।","wage deductions,unauthorized","वेतन कटौती,अनधिकृत"
178,General,"Wages must be paid in cash or through bank transfer, as per the worker's choice.","श्रमिक की पसंद के अनुसार, मजदूरी का भुगतान नकद या बैंक हस्तांतरण के माध्यम से किया जाना चाहिए।","wage payment,cash,bank transfer","मजदूरी भुगतान,नकद,बैंक हस्तांतरण"
179,General,"Employers must provide a suitable restroom and shelter for workers to rest during breaks.","नियोक्ताओं को अवकाश के दौरान श्रमिकों को आराम करने के लिए एक उपयुक्त शौचालय और आश्रय प्रदान करना होगा।","restroom,shelter","शौचालय,आश्रय"
180,General,"The Maternity Benefit Act, 1961, ensures paid leave and benefits for women workers during maternity.","मातृत्व लाभ अधिनियम, 1961, मातृत्व के दौरान महिला श्रमिकों के लिए सशुल्क छुट्टी और लाभ सुनिश्चित करता है।","maternity benefit act,paid leave","मातृत्व लाभ अधिनियम,सशुल्क अवकाश"
181,General,"The Trade Unions Act, 1926, provides for the registration and regulation of trade unions.","ट्रेड यूनियंस अधिनियम, 1926, ट्रेड यूनियनों के पंजीकरण और विनियमन का प्रावधान करता है।","trade unions act,registration","ट्रेड यूनियंस अधिनियम,पंजीकरण"
182,General,"The Interstate Migrant Workmen Act, 1979, protects the rights of migrant workers.","अंतरराज्यीय प्रवासी कामगार अधिनियम, 1979, प्रवासी श्रमिकों के अधिकारों की रक्षा करता है।","interstate migrant workmen act,rights","अंतरराज्यीय प्रवासी कामगार अधिनियम,अधिकार"
183,General,"A worker is entitled to an annual leave with wages after working for a continuous period of 240 days.","एक श्रमिक लगातार 240 दिनों तक काम करने के बाद मजदूरी के साथ वार्षिक अवकाश का हकदार है।","annual leave,paid leave","वार्षिक अवकाश,सशुल्क अवकाश"
184,General,"A worker is entitled to one paid holiday for every 20 days of work.","एक श्रमिक हर 20 दिनों के काम के लिए एक सशुल्क छुट्टी का हकदार है।","paid holiday,leave","सशुल्क छुट्टी,अवकाश"
185,General,"Employers with 10 or more workers must register under the Factories Act, 1948.","10 या अधिक श्रमिकों वाले नियोक्ताओं को कारखाना अधिनियम, 1948 के तहत पंजीकरण करना होगा।","factories act,registration","कारखाना अधिनियम,पंजीकरण"
186,General,"All establishments employing 10 or more workers must register under the Shops and Establishments Act.","10 या अधिक श्रमिकों को रोजगार देने वाले सभी प्रतिष्ठानों को दुकानें और प्रतिष्ठान अधिनियम के तहत पंजीकरण करना होगा।","shops and establishments act,registration","दुकानें और प्रतिष्ठान अधिनियम,पंजीकरण"
187,General,"The Labour Law Compliance Portal (Shram Suvidha) simplifies the filing of various labour-related returns.","श्रम कानून अनुपालन पोर्टल (श्रम सुविधा) विभिन्न श्रम-संबंधी रिटर्न दाखिल करने को सरल बनाता है।","shram suvidha,compliance portal","श्रम कानून अनुपालन,श्रम सुविधा"
188,General,"Establishments must maintain registers and records of their workers, wages, and working hours.","प्रतिष्ठानों को अपने श्रमिकों, मजदूरी और काम के घंटों के रजिस्टर और रिकॉर्ड बनाए रखना चाहिए।","records,registers","रिकॉर्ड,रजिस्टर"
189,General,"A licence under the Contract Labour (Regulation & Abolition) Act, 1970, is mandatory for contractors.","ठेका श्रम (विनियमन और उन्मूलन) अधिनियम, 1970 के तहत एक लाइसेंस ठेकेदारों के लिए अनिवार्य है।","contract labour act,licence","ठेका श्रम अधिनियम,लाइसेंस"
190,General,"The renewal of a licence must be done at least 30 days before its expiry date.","लाइसेंस का नवीनीकरण उसकी समाप्ति तिथि से कम से कम 30 दिन पहले किया जाना चाहिए।","licence renewal,30 days","लाइसेंस नवीनीकरण,30 दिन"
191,General,"If a licence expires, the contractor must stop work until renewal or risk penalty by authorities.","यदि लाइसेंस की अवधि समाप्त हो जाती है, तो ठेकेदार को नवीनीकरण तक काम बंद करना होगा या अधिकारियों द्वारा लगाए गए जुर्माने का जोखिम उठाना होगा।","licence expires,penalty","लाइसेंस समाप्त,जुर्माना"
192,General,"A labour licence is required for contractors who hire 20 or more contract workers.","20 या उससे अधिक संविदा श्रमिकों को काम पर रखने वाले ठेकेदारों के लिए एक श्रमिक लाइसेंस आवश्यक है।","labour licence,contract workers","श्रमिक लाइसेंस,संविदा श्रमिक"
193,General,"Inspection lists are issued based on 15 risk-based parameters to prioritize high-risk institutions.","निरीक्षण सूचियां उच्च जोखिम वाले संस्थानों को प्राथमिकता देने के लिए 15 जोखिम-आधारित मापदंडों के आधार पर जारी की जाती हैं।","inspection list,risk-based parameters","निरीक्षण सूची,जोखिम-आधारित मापदंड"
194,General,"In case of any technical problem, you can send your problem via e-mail to lcmpit@mp.gov.in or commlab@nic.in.","किसी भी तकनीकी समस्या की स्थिति में, आप अपनी समस्या ई-मेल के माध्यम से lcmpit@mp.gov.in या commlab@nic.in पर भेज सकते हैं।","technical support,email support","तकनीकी सहायता,ईमेल सहायता"
195,Wage Components,"Basic pay, Special allowance, and Variable Dearness Allowance (VDA)","मूल वेतन, विशेष भत्ता, और परिवर्तनीय महंगाई भत्ता (वीडीए)","Wage Components,Basic Pay,Allowance","वेतन घटक,मूल वेतन,भत्ता"
196,Rates,"Daily and monthly wage rates for different worker categories are revised.","विभिन्न श्रमिक श्रेणियों के लिए दैनिक और मासिक मजदूरी दरों को संशोधित किया गया है","Rates,Daily Wage,Monthly Wage","दरें,दैनिक मजदूरी,मासिक मजदूरी"
197,Compliance,"Employers must pay wages as per the revised rates","नियोक्ताओं को संशोधित दरों के अनुसार मजदूरी का भुगतान करना होगा","Compliance,Payment","अनुपालन,भुगतान"
198,Revision Frequency,"The rates are revised every six months based on the Consumer Price Index (CPI)","दरों को हर छह महीने में उपभोक्ता मूल्य सूचकांक (सीपीआई) के आधार पर संशोधित किया जाता है","Revision,Frequency","पुनरीक्षण,आवृत्ति"
199,Complaint Mechanism,"Workers can file a complaint with the Labour Commissioner's Office if they are paid less than the minimum wage","यदि श्रमिकों को न्यूनतम मजदूरी से कम भुगतान किया जाता है, तो वे श्रम आयुक्त कार्यालय में शिकायत दर्ज कर सकते हैं","Complaint,Grievance,Helpline","शिकायत,शिकायत,हेल्पलाइन"
200,Penalty,"Non-compliance can result in penalties, fines, and legal action against the employer","गैर-अनुपालन के परिणामस्वरूप नियोक्ता के खिलाफ जुर्माना और कानूनी कार्रवाई हो सकती है","Penalty,Fine,Legal Action","जुर्माना,कानूनी कार्रवाई"
201,General,"The name of the issuing office is the Labour Commissioner Office, Government of Madhya Pradesh, Indore.","जारी करने वाले कार्यालय का नाम श्रम आयुक्त कार्यालय, मध्य प्रदेश शासन, इंदौर है।","issuing office,name","कार्यालय का नाम"
202,General,"The office address is 518, Indore - 452007","कार्यालय का पता 518, इंदौर - 452007 है।","office address,location","कार्यालय का पता"
203,General,"The official email address is lcmpenf@mp.gov.in.","आधिकारिक ईमेल पता lcmpenf@mp.gov.in है।","official email","आधिकारिक ईमेल"
204,General,"The official website is labour.mponline.gov.in.","आधिकारिक वेबसाइट labour.mponline.gov.in है।","official website","आधिकारिक वेबसाइट"
205,General,"The employer is responsible for the payment.","भुगतान के लिए नियोक्ता जिम्मेदार है।","responsible for payment","भुगतान के लिए जिम्मेदार"
206,General,"The daily rate for unskilled workers is ₹400.","अकुशल श्रमिकों के लिए दैनिक दर ₹400 है।","unskilled workers,daily rate","अकुशल श्रमिक,दैनिक दर"
207,General,"The daily rate for semi-skilled workers is ₹450.","अर्ध-कुशल श्रमिकों के लिए दैनिक दर ₹450 है।","semi-skilled workers,daily rate","अर्ध-कुशल श्रमिक,दैनिक दर"
208,General,"The daily rate for skilled workers is ₹500.","कुशल श्रमिकों के लिए दैनिक दर ₹500 है।","skilled workers,daily rate","कुशल श्रमिक,दैनिक दर"
209,General,"The daily rate for highly skilled workers is ₹550.","उच्च कुशल श्रमिकों के लिए दैनिक दर ₹550 है।","highly skilled workers,daily rate","उच्च कुशल श्रमिक,दैनिक दर"
210,General,"The monthly rate for unskilled workers is ₹10,400.","अकुशल श्रमिकों के लिए मासिक दर ₹10,400 है।","unskilled workers,monthly rate","अकुशल श्रमिक,मासिक दर"
211,General,"The monthly rate for semi-skilled workers is ₹11,700.","अर्ध-कुशल श्रमिकों के लिए मासिक दर ₹11,700 है।","semi-skilled workers,monthly rate","अर्ध-कुशल श्रमिक,मासिक दर"
12,General,"The monthly rate for skilled workers is ₹13,000.","कुशल श्रमिकों के लिए मासिक दर ₹13,000 है।","skilled workers,monthly rate","कुशल श्रमिक,मासिक दर"
213,General,"The monthly rate for highly skilled workers is ₹14,300.","उच्च कुशल श्रमिकों के लिए मासिक दर ₹14,300 है।","highly skilled workers,monthly rate","उच्च कुशल श्रमिक,मासिक दर"
214,General," The calculation for Variable Dearness Allowance (VDA) is based on the Consumer Price Index (CPI).","परिवर्तनीय महंगाई भत्ता (वीडीए) की गणना उपभोक्ता मूल्य सूचकांक (सीपीआई) के आधार पर की जाती है।","vda,calculation","वीडीए,गणना"
215,General,"What is the effective date of the revised wages?","संशोधित मजदूरी की प्रभावी तिथि क्या है?","effective date,revised wages","प्रभावी तिथि,संशोधित मजदूरी"
216,General,"Penalties for non-compliance can include fines and legal action against the employer.","गैर-अनुपालन के लिए जुर्माना और कानूनी कार्रवाई हो सकती है।","penalties,non-compliance","जुर्माना,गैर-अनुपालन"
217,General,"You can get a copy of the notification from the Labour Commissioner's Office.","अधिसूचना की प्रति श्रम आयुक्त कार्यालय से प्राप्त कर सकते हैं।","notification,copy","अधिसूचना,प्रति"
218,General,"The process for lodging a complaint is to file it with the Labour Commissioner's Office or the local Labour Inspector.","आप शिकायत श्रम आयुक्त कार्यालय या स्थानीय श्रम निरीक्षक के पास दर्ज कर सकते हैं।","complaint,lodging","शिकायत,दर्ज करना"
219,General,"The competent authority to address complaints is the Labour Commissioner's Office.","शिकायतों का समाधान करने के लिए सक्षम प्राधिकारी श्रम आयुक्त कार्यालय है।","competent authority,complaints","सक्षम प्राधिकारी,शिकायत"
220,General,"The revision period for wages is every six months.","मजदूरी का पुनरीक्षण हर छह महीने में होता है।","revision period,wages","पुनरीक्षण काल,मजदूरी"
221,General,"The process for final settlement is that wages must be paid within two days of a worker's resignation or termination.","अंतिम निपटान की प्रक्रिया यह है कि श्रमिक के इस्तीफे या समाप्ति के दो दिन के भीतर मजदूरी का भुगतान किया जाना चाहिए।","final settlement,process","अंतिम निपटान,प्रक्रिया"
222,General,"Yes, you can get the payment in cash or through a bank transfer, as per your choice.","हाँ, आप अपनी पसंद के अनुसार नकद या बैंक ट्रांसफर के माध्यम से भुगतान प्राप्त कर सकते हैं।","payment,cash","भुगतान,नकद"
223,General,"Employers must maintain registers and records of their workers, wages, and working hours.","नियोक्ताओं को अपने श्रमिकों, मजदूरी और कार्य घंटों के रजिस्टर और रिकॉर्ड बनाए रखने चाहिए।","records,employers","रिकॉर्ड,नियोक्ता"
224,General,"You can get a licence by applying for it with the Labour Department.","आप श्रम विभाग के साथ आवेदन करके एक लाइसेंस प्राप्त कर सकते हैं।","licence,get","लाइसेंस,प्राप्त करना"
225,General,"You need documents and an application form for a licence.","आपको एक लाइसेंस के लिए दस्तावेज और एक आवेदन पत्र की आवश्यकता है।","licence,documents","लाइसेंस,दस्तावेज"
226,General,"The helpline number is 155214."," हेल्पलाइन नंबर 155214 है।","what is helpline number","हेल्पलाइन नंबर"
227,General,"The email for technical support is lcmpit@mp.gov.in or commlab@nic.in","तकनीकी सहायता के लिए ईमेल lcmpit@mp.gov.in या commlab@nic.in है।","technical support,email","तकनीकी सहायता,ईमेल"
228,General,"The criteria for inspection are 15 risk-based parameters.","निरीक्षण के लिए 15 जोखिम-आधारित मापदंड हैं।","inspection,criteria","निरीक्षण,मापदंड"
229,General,"You can check the status of your application on the portal using your docket number and password.","आप डॉकेट नंबर और पासवर्ड का उपयोग करके पोर्टल पर अपने आवेदन की स्थिति की जांच कर सकते हैं।","application status,check","आवेदन की स्थिति,जांच"
230,General,"The minimum wage for a male worker is the same as for a female worker for the same work.","एक पुरुष श्रमिक के लिए न्यूनतम मजदूरी वही है जो एक महिला श्रमिक के लिए समान काम के लिए है।","male worker,minimum wage","पुरुष श्रमिक,न्यूनतम मजदूरी"
231,General,"The minimum wage for a female worker is the same as for a male worker for the same work.","एक महिला श्रमिक के लिए न्यूनतम मजदूरी वही है जो एक पुरुष श्रमिक के लिए समान काम के लिए है।","female worker,minimum wage","महिला श्रमिक,न्यूनतम मजदूरी"
232,General,"The minimum wage for a disabled worker is the same as for a non-disabled worker for the same work","एक विकलांग श्रमिक के लिए न्यूनतम मजदूरी वही है जो एक गैर-विकलांग श्रमिक के लिए समान काम के लिए है।","disabled worker,minimum wage","विकलांग श्रमिक,न्यूनतम मजदूरी"
233,General,"The minimum wage for a child worker is determined by the Child Labour Act, 1986.","एक बाल श्रमिक के लिए न्यूनतम मजदूरी क्या है?एक बाल श्रमिक के लिए न्यूनतम मजदूरी बाल श्रम अधिनियम, 1986 द्वारा निर्धारित की जाती है।","child worker,minimum wage","बाल श्रमिक,न्यूनतम मजदूरी"
234,General,"Yes, there are special allowances for Variable Dearness Allowance (VDA).","हाँ, परिवर्तनीय महंगाई भत्ता (वीडीए) के लिए विशेष भत्ते हैं।","special allowances,allowances","विशेष भत्ते,भत्ते"
235,General,"The penalty for not maintaining records is a fine and legal action.","रिकॉर्ड नहीं रखने पर जुर्माना और कानूनी कार्रवाई होती है।","penalty,records","जुर्माना,रिकॉर्ड"
236,General,"The maximum fine for non-compliance is determined by the Labour Department.","गैर-अनुपालन के लिए अधिकतम जुर्माना श्रम विभाग द्वारा निर्धारित किया जाता है।","maximum fine,non-compliance","अधिकतम जुर्माना,गैर-अनुपालन"
237,General,"The procedure for registering a complaint is to file it with the Labour Department or the local Labour Inspector.","शिकायत दर्ज करने की प्रक्रिया श्रम विभाग या स्थानीय श्रम निरीक्षक के पास दर्ज करना है।","complaint,procedure","शिकायत,प्रक्रिया"
238,General,"The Labour Department enforces the wage rates.","मजदूरी दरों को श्रम विभाग लागू करता है।","enforcement,wage rates","प्रवर्तन,मजदूरी दरें"
239,General,"The wage rates are revised every six months.","मजदूरी दरों को हर छह महीने में संशोधित किया जाता है।","wage revision,frequency","मजदूरी पुनरीक्षण,आवृत्ति"
240,General,"The daily working hours are 8 hours.","दैनिक काम के घंटे 8 घंटे हैं।","daily working hours","दैनिक काम के घंटे"
241,General,"The weekly working hours are 48 hours.","साप्ताहिक काम के घंटे 48 घंटे हैं।","weekly working hours","साप्ताहिक काम के घंटे"
242,General,"The rules for overtime are that workers must be paid double the normal wage rate for overtime work.","ओवरटाइम के नियम क्या हैं?","overtime,rules","ओवरटाइम,नियम"
243,General,"Overtime is calculated as double the normal wage rate.","ओवरटाइम की गणना कैसे की जाती है?","overtime,calculation","ओवरटाइम,गणना"
244,General,"Yes, women can work night shifts with proper safety and transport arrangements by the employer.","हाँ, महिला श्रमिकों को नियोक्ता द्वारा उचित सुरक्षा और परिवहन व्यवस्था के साथ रात की पाली में काम करने की अनुमति है।","night shifts,rules","रात की पाली,नियम"
245,General,"The rules for breaks are that workers are entitled to regular breaks.","अवकाश के नियम यह हैं कि श्रमिकों को नियमित अवकाश का अधिकार है।","breaks,rules","अवकाश,नियम"
246,General,"The rules for weekly holidays are that workers are entitled to a paid holiday for every 20 days of work.","साप्ताहिक छुट्टियों के नियम यह हैं कि श्रमिकों को हर 20 दिनों के काम के लिए एक सशुल्क छुट्टी का अधिकार है।","weekly holidays,rules","साप्ताहिक छुट्टियाँ,नियम"
247,Implementation Date,"The revised wages are effective from 01.04.2024","संशोधित मजदूरी 01.04.2024 से प्रभावी हैं","Effective Date,Implementation","प्रभावी तिथि,कार्यान्वयन"
248,Queries,"For any queries, contact the Labour Commissioner's Office","किसी भी प्रश्न के लिए, श्रम आयुक्त कार्यालय से संपर्क करें","Queries,Contact","प्रश्न,संपर्क"
249,Enforcement,"The Labour Department is responsible for the enforcement of the revised wage rates","श्रम विभाग संशोधित मजदूरी दरों के प्रवर्तन के लिए जिम्मेदार है","Enforcement,Department","प्रवर्तन,विभाग"
250,Unskilled Worker Wage,"Daily wage: ₹400, Monthly wage: ₹10,400","अकुशल श्रमिक मजदूरी: दैनिक: ₹400, मासिक: ₹10,400","Unskilled Worker,Daily Wage,Monthly Wage","अकुशल श्रमिक,दैनिक मजदूरी,मासिक मजदूरी"
251,Semi-skilled Worker Wage,"Daily wage: ₹450, Monthly wage: ₹11,700","अर्ध-कुशल श्रमिक मजदूरी: दैनिक: ₹450, मासिक: ₹11,700","Semi-skilled Worker,Daily Wage,Monthly Wage","अर्ध-कुशल श्रमिक,दैनिक मजदूरी,मासिक मजदूरी"
252,Skilled Worker Wage,"Daily wage: ₹500, Monthly wage: ₹13,000","कुशल श्रमिक मजदूरी: दैनिक: ₹500, मासिक: ₹13,000","Skilled Worker,Daily Wage,Monthly Wage","कुशल श्रमिक,दैनिक मजदूरी,मासिक मजदूरी"
253,Highly Skilled Worker Wage,"Daily wage: ₹550, Monthly wage: ₹14,300","उच्च कुशल श्रमिक मजदूरी: दैनिक: ₹550, मासिक: ₹14,300","Highly Skilled Worker,Daily Wage,Monthly Wage","उच्च कुशल श्रमिक,दैनिक मजदूरी,मासिक मजदूरी"
254,Bonus Eligibility,"Workers are eligible for a bonus if they have worked for at least 30 days in a year.","यदि श्रमिकों ने एक वर्ष में कम से कम 30 दिन काम किया है, तो वे बोनस के लिए पात्र हैं।","Bonus,Eligibility,30 days","बोनस,पात्रता,30 दिन"
255,Bonus Calculation,"The bonus is calculated as 8.33% of the worker's salary or a minimum of ₹100, whichever is higher.","बोनस की गणना श्रमिक के वेतन के 8.33% या न्यूनतम ₹100, जो भी अधिक हो, के रूप में की जाती है।","Bonus,Calculation","बोनस,गणना"
256,Final Settlement,"The final settlement of wages must be done within two days of a worker's resignation or termination.","एक श्रमिक के इस्तीफे या समाप्ति के दो दिनों के भीतर मजदूरी का अंतिम निपटान किया जाना चाहिए।","Final Settlement,Resignation","अंतिम निपटान,इस्तीफा"
257,Payment Method,"Wages can be paid in cash or through bank transfer, as per the worker's choice.","श्रमिक की पसंद के अनुसार, मजदूरी का भुगतान नकद या बैंक हस्तांतरण के माध्यम से किया जा सकता है।","Payment Method,Cash,Bank Transfer","भुगतान विधि,नकद,बैंक हस्तांतरण"
258,Complaint Redressal,"A worker can approach the local Labour Inspector or the Labour Commissioner's Office for complaint redressal.","एक श्रमिक शिकायत निवारण के लिए स्थानीय श्रम निरीक्षक या श्रम आयुक्त कार्यालय से संपर्क कर सकता है।","Complaint,Redressal,Labour Inspector","शिकायत,निवारण,श्रम निरीक्षक"
259,Right to Form Union,"Workers have the right to join or form a trade union for protecting their rights.","श्रमिकों को अपने अधिकारों की रक्षा के लिए एक ट्रेड यूनियन में शामिल होने या बनाने का अधिकार है।","Right to Union,Trade Union","यूनियन का अधिकार,ट्रेड यूनियन"
260,Equal Pay,"The Equal Remuneration Act, 1976, ensures that men and women get equal pay for equal work.","समान पारिश्रमिक अधिनियम, 1976, यह सुनिश्चित करता है कि पुरुषों और महिलाओं को समान काम के लिए समान वेतन मिले","Equal Pay,Equal Work","समान वेतन,समान काम"
261,Child Labour,"The Child Labour Act, 1986, prohibits the employment of children below 14 years.","बाल श्रम अधिनियम, 1986, 14 वर्ष से कम उम्र के बच्चों के रोजगार पर प्रतिबंध लगाता है","Child Labour,Prohibition","बाल श्रम,निषेध"
262,Crèche Facility,"Workplaces with over 30 women must provide crèche facilities for children below 6 years.","30 से अधिक महिला श्रमिकों वाले कार्यस्थलों पर 6 वर्ष से कम उम्र के बच्चों के लिए क्रेच सुविधाएं प्रदान करना होगा।","Creche Facility,Women Workers","क्रेच सुविधा,महिला श्रमिक"
263,Maternity Benefit,"Women workers are entitled to 26 weeks of paid maternity leave under the Maternity Benefit Act, 1961.","मातृत्व लाभ अधिनियम, 1961 के तहत महिला श्रमिक 26 सप्ताह के सशुल्क मातृत्व अवकाश के हकदार हैं।","Maternity Benefit,Paid Leave","मातृत्व लाभ,सशुल्क अवकाश"
264,Maternity Benefits in Unorganised Sector,"Women in the unorganised sector may get cash assistance and benefits under government schemes like PMMVY.","असंगठित क्षेत्र में महिलाओं को पीएमएमवीवाई जैसी सरकारी योजनाओं के माध्यम से नकद सहायता और लाभ मिल सकते हैं।","Maternity Benefits,Unorganised Sector","मातृत्व लाभ,असंगठित क्षेत्र"
265,Grievance Redressal,"The MP Labour Department has a dedicated online portal for grievance redressal.","एमपी श्रम विभाग के पास शिकायत निवारण के लिए एक समर्पित ऑनलाइन पोर्टल है।","Grievance Portal,Labour Department","शिकायत पोर्टल,श्रम विभाग"
266,Helpline Number,"The MP Labour Helpline number is 155214.","एमपी श्रम हेल्पलाइन नंबर 155214 है।","Helpline,Contact","हेल्पलाइन,संपर्क"
267,Interstate Migrant Worker Rights,"Migrant workers have the right to equal wages, housing, and social security like local workers.","प्रवासी श्रमिकों को स्थानीय श्रमिकों की तरह समान मजदूरी, आवास और सामाजिक सुरक्षा का अधिकार होता है।","Migrant Workers,Interstate","प्रवासी श्रमिक,अंतरराज्यीय"
268,E-Shram Card,"The E-Shram card is a national identity card and is valid across India.","ई-श्रम कार्ड एक राष्ट्रीय पहचान पत्र है और पूरे भारत में मान्य है।","E-Shram Card,Validity","ई-श्रम कार्ड,मान्यता"
269,E-Shram Registration,"You can update Aadhaar details online on eshram.gov.in or visit a CSC centre.","आप eshram.gov.in पर ऑनलाइन आधार अपडेट कर सकते हैं या सीएससी केंद्र जा सकते हैं।","Aadhaar,E-Shram,Registration","आधार,ई-श्रम,पंजीकरण"
270,Housing Scheme,"Under the Pradhan Mantri Awas Yojana, eligible laborers can get financial assistance for constructing a house.","प्रधानमंत्री आवास योजना के तहत, पात्र श्रमिकों को घर बनाने के लिए वित्तीय सहायता मिल सकती है।","Housing Scheme,PMAY","आवास योजना,पीएमएवाई"
271,Safety Gear,"Employers must provide safety gear like helmet, gloves, and shoes for free.","नियोक्ताओं को हेलमेट, दस्ताने और जूते जैसे सुरक्षा उपकरण मुफ्त प्रदान करने होंगे।","Safety Gear,PPE","सुरक्षा उपकरण,पीपीई"
272,Workplace Safety,"The Factories Act, 1948, makes it mandatory for factories to ensure the safety and health of their workers.","कारखाना अधिनियम, 1948, कारखानों के लिए श्रमिकों की सुरक्षा और स्वास्थ्य सुनिश्चित करना अनिवार्य बनाता है।","Factories Act,Safety,Health","कारखाना अधिनियम,सुरक्षा,स्वास्थ्य"
273,Ambulance Room,"Workplaces with over 100 workers must have an ambulance room for first aid and medical emergencies.","100 से अधिक श्रमिकों वाले कार्यस्थलों पर प्राथमिक चिकित्सा और चिकित्सा आपात स्थितियों के लिए एक एम्बुलेंस कक्ष होना चाहिए।","Ambulance Room,First Aid","एम्बुलेंस कक्ष,प्राथमिक चिकित्सा"
274,Overtime Calculation,"The bonus is calculated as 8.33% of the worker's salary or a minimum of ₹100, whichever is higher.","बोनस की गणना श्रमिक के वेतन के 8.33% या न्यूनतम ₹100, जो भी अधिक हो, के रूप में की जाती है।","Overtime Calculation,Bonus","बोनस,गणना"
275,Overtime Rules,"If workers do overtime, they must be paid double the normal wage rate.","यदि श्रमिक ओवरटाइम करते हैं, तो उन्हें सामान्य मजदूरी दर का दोगुना भुगतान किया जाना चाहिए।","Overtime,Rules","ओवरटाइम,नियम"
276,Worker's Right to Refuse,"Yes, workers have the right to refuse unsafe work without losing wages.","हाँ, श्रमिकों को मजदूरी खोए बिना असुरक्षित काम करने से मना करने का अधिकार है।","Unsafe Work,Refuse","असुरक्षित काम,मना करना"
277,Workplace Hygiene,"Regular cleaning of workplaces, proper disposal of waste, and a clean environment are mandatory.","कार्यस्थलों की नियमित सफाई, कचरे का उचित निपटान और एक स्वच्छ वातावरण अनिवार्य है।","Workplace Hygiene,Cleaning","कार्यस्थल स्वच्छता,सफाई"
278,Health Check-ups,"Regular health check-ups for workers in hazardous industries are mandatory under the law.","खतरनाक उद्योगों में श्रमिकों के लिए नियमित स्वास्थ्य जांच कानून के तहत अनिवार्य है।","Health Check-ups,Hazardous Industries","स्वास्थ्य जांच,खतरनाक उद्योग"
279,Trade Union Registration,"The Trade Unions Act, 1926, provides for the registration and regulation of trade unions.","ट्रेड यूनियंस अधिनियम, 1926, ट्रेड यूनियनों के पंजीकरण और विनियमन का प्रावधान करता है।","Trade Unions Act,Registration","ट्रेड यूनियंस अधिनियम,पंजीकरण"
280,Maternity Benefit Act,"The Maternity Benefit Act, 1961, ensures paid leave and benefits for women workers during maternity.","मातृत्व लाभ अधिनियम, 1961, मातृत्व के दौरान महिला श्रमिकों के लिए सशुल्क छुट्टी और लाभ सुनिश्चित करता है।","Maternity Benefit Act,Paid Leave","मातृत्व लाभ अधिनियम,सशुल्क अवकाश"
281,Child Labour Act,"The Child Labour (Prohibition & Regulation) Act, 1986, prohibits the employment of children below 14.","बाल श्रम (निषेध और विनियमन) अधिनियम, 1986, 14 वर्ष से कम उम्र के बच्चों के रोजगार पर प्रतिबंध लगाता है।","Child Labour Act,Prohibition","बाल श्रम अधिनियम,निषेध"
282,Equal Remuneration Act,"The Equal Remuneration Act, 1976, ensures that men and women get equal pay for equal work.","समान पारिश्रमिक अधिनियम, 1976, यह सुनिश्चित करता है कि पुरुषों और महिलाओं को समान काम के लिए समान वेतन मिले।","Equal Remuneration Act,Equal Pay","समान पारिश्रमिक अधिनियम,समान वेतन"
283,Industrial Employment Act,"The Industrial Employment (Standing Orders) Act, 1946, regulates the conditions of employment in industrial establishments.","औद्योगिक रोजगार (स्थायी आदेश) अधिनियम, 1946, औद्योगिक प्रतिष्ठानों में रोजगार की शर्तों को नियंत्रित करता है।","Industrial Employment Act,Standing Orders","औद्योगिक रोजगार अधिनियम,स्थायी आदेश"
284,Payment of Wages Act,"According to the Payment of Wages Act, wages must be paid before the 7th day of the next month.","भुगतान मजदूरी अधिनियम के अनुसार, मजदूरी अगले महीने की 7 तारीख से पहले दी जानी चाहिए।","Payment of Wages Act,Wage Payment","भुगतान मजदूरी अधिनियम,मजदूरी भुगतान"
285,Bonus Act,"The Payment of Bonus Act makes it mandatory for employers to pay a bonus to workers annually.","बोनस भुगतान अधिनियम नियोक्ताओं के लिए श्रमिकों को सालाना बोनस का भुगतान करना अनिवार्य बनाता है।","Payment of Bonus Act,Bonus","बोनस भुगतान अधिनियम,बोनस"
286,Factories Act,"The Factories Act, 1948, makes it mandatory for factories to ensure the safety and health of their workers.","कारखाना अधिनियम, 1948, कारखानों के लिए श्रमिकों की सुरक्षा और स्वास्थ्य सुनिश्चित करना अनिवार्य बनाता है।","Factories Act,Safety","कारखाना अधिनियम,सुरक्षा"
287,Interstate Migrant Workmen Act,"The Interstate Migrant Workmen Act, 1979, protects the rights of migrant workers.","अंतरराज्यीय प्रवासी कामगार अधिनियम, 1979, प्रवासी श्रमिकों के अधिकारों की रक्षा करता है।","Interstate Migrant Workmen Act,Rights","अंतरराज्यीय प्रवासी कामगार अधिनियम,अधिकार"
288,Contract Labour Act,"A licence under the Contract Labour (Regulation & Abolition) Act, 1970, is mandatory for contractors.","ठेका श्रम (विनियमन और उन्मूलन) अधिनियम, 1970 के तहत एक लाइसेंस ठेकेदारों के लिए अनिवार्य है।","Contract Labour Act,CLRA Licence","ठेका श्रम अधिनियम,सीएलआरए लाइसेंस"
289,Shops and Establishments Act,"All establishments employing 10 or more workers must register under the Shops and Establishments Act.","10 या अधिक श्रमिकों को रोजगार देने वाले सभी प्रतिष्ठानों को दुकानें और प्रतिष्ठान अधिनियम के तहत पंजीकरण करना होगा।","Shops and Establishments Act,Registration","दुकानें और प्रतिष्ठान अधिनियम,पंजीकरण"
290,Employees Provident Funds Act,"The Employees' Provident Funds and Miscellaneous Provisions Act provides for provident fund and pension.","कर्मचारी भविष्य निधि और विविध प्रावधान अधिनियम भविष्य निधि और पेंशन का प्रावधान करता है।","Employees Provident Funds Act,EPF","कर्मचारी भविष्य निधि अधिनियम,ईपीएफ"
291,Employees State Insurance Act,"Under the Employees' State Insurance Act, workers are entitled to medical care and sickness benefits.","कर्मचारी राज्य बीमा अधिनियम के तहत, श्रमिक चिकित्सा देखभाल और बीमारी लाभों के हकदार हैं।","Employees State Insurance Act,ESIC","कर्मचारी राज्य बीमा अधिनियम,ईएसआईसी"
292,Industrial Disputes Act,"The Industrial Disputes Act, 1947, has provisions for resolving industrial disputes and worker grievances.","औद्योगिक विवाद अधिनियम, 1947 में औद्योगिक विवादों और श्रमिक शिकायतों के समाधान के प्रावधान हैं।","Industrial Disputes Act,Grievances","औद्योगिक विवाद अधिनियम,शिकायत"
293,Worker Rights,"Workers have the right to a safe working environment and regular breaks.","श्रमिकों को एक सुरक्षित कार्य वातावरण और नियमित अवकाश का अधिकार है।","Worker Rights,Safe Environment","श्रमिक अधिकार,सुरक्षित वातावरण"
294,Wage Payment,"Final wages must be paid to a worker within two days of their resignation or termination.","किसी श्रमिक के इस्तीफे या समाप्ति के दो दिनों के भीतर अंतिम मजदूरी का भुगतान किया जाना चाहिए।","Final Wages,Payment","अंतिम मजदूरी,भुगतान"
295,Wage Deductions,"Employers cannot make unauthorized deductions from a worker's wages.","नियोक्ता श्रमिक के वेतन से अनधिकृत कटौती नहीं कर सकते।","Wage Deductions,Unauthorized","वेतन कटौती,अनधिकृत"
296,Bonus Payment,"The Payment of Bonus Act makes it mandatory for employers to pay a bonus to workers annually.","बोनस भुगतान अधिनियम नियोक्ताओं के लिए श्रमिकों को सालाना बोनस का भुगतान करना अनिवार्य बनाता है।","Bonus Payment,Annual Bonus","बोनस भुगतान,वार्षिक बोनस"
297,Leave Entitlement,"A worker is entitled to an annual leave with wages after working for a continuous period of 240 days.","एक श्रमिक लगातार 240 दिनों तक काम करने के बाद मजदूरी के साथ वार्षिक अवकाश का हकदार है।","Annual Leave,Paid Leave","वार्षिक अवकाश,सशुल्क अवकाश"
298,Leave Entitlement,"A worker is entitled to one paid holiday for every 20 days of work.","एक श्रमिक हर 20 दिनों के काम के लिए एक सशुल्क छुट्टी का हकदार है।","Paid Holiday,Leave","सशुल्क छुट्टी,अवकाश"
299,Working Hours,"Workers should not work more than 8 hours a day and 48 hours a week.","श्रमिकों को प्रतिदिन 8 घंटे और प्रति सप्ताह 48 घंटे से अधिक काम नहीं करना चाहिए।","Working Hours,Maximum","काम के घंटे,अधिकतम"
300,Health and Safety,"Workplaces are required to have adequate ventilation, lighting, and drinking water facilities.","कार्यस्थलों में पर्याप्त वेंटिलेशन, प्रकाश व्यवस्था और पीने के पानी की सुविधाएँ होना आवश्यक है।","Workplace Facilities,Safety","कार्यस्थल सुविधा,सुरक्षा"
301,Health and Safety,"Workplaces with over 100 workers must have an ambulance room for first aid and medical emergencies.","100 से अधिक श्रमिकों वाले कार्यस्थलों पर प्राथमिक चिकित्सा और चिकित्सा आपात स्थितियों के लिए एक एम्बुलेंस कक्ष होना चाहिए।","Ambulance Room,First Aid","एम्बुलेंस कक्ष,प्राथमिक चिकित्सा"
302,Health and Safety,"Regular health check-ups for workers in hazardous industries are mandatory under the law.","खतरनाक उद्योगों में श्रमिकों के लिए नियमित स्वास्थ्य जांच कानून के तहत अनिवार्य है।","Health Check-ups,Hazardous Industries","स्वास्थ्य जांच,खतरनाक उद्योग"
303,Health and Safety,"The Employer's Liability Act makes employers liable for injuries sustained by workers at the workplace.","नियोक्ता का दायित्व अधिनियम नियोक्ताओं को कार्यस्थल पर श्रमिकों द्वारा लगी चोटों के लिए उत्तरदायी बनाता है।","Employer's Liability,Injury","नियोक्ता का दायित्व,चोट"
304,Health and Safety,"Workers have the right to a safe working environment and regular breaks.","श्रमिकों को एक सुरक्षित कार्य वातावरण और नियमित अवकाश का अधिकार है।","Worker Rights,Safe Environment","श्रमिक अधिकार,सुरक्षित वातावरण"
305,Health and Safety,"Regular cleaning of workplaces, proper disposal of waste, and a clean environment are mandatory.","कार्यस्थलों की नियमित सफाई, कचरे का उचित निपटान और एक स्वच्छ वातावरण अनिवार्य है।","Workplace Hygiene,Cleaning","कार्यस्थल स्वच्छता,सफाई"
306,Grievances,"You can file a complaint at the Labour Department office or online grievance portal.","आप श्रम विभाग कार्यालय या ऑनलाइन शिकायत पोर्टल पर शिकायत दर्ज कर सकते हैं।","File Complaint,Grievance Portal","शिकायत,शिकायत पोर्टल"
307,Grievances,"The MP Labour Department has a dedicated online portal for grievance redressal.","एमपी श्रम विभाग के पास शिकायत निवारण के लिए एक समर्पित ऑनलाइन पोर्टल है।","Grievance Redressal,Labour Department","शिकायत निवारण,श्रम विभाग"
308,Grievances,"The Industrial Disputes Act, 1947, has provisions for resolving industrial disputes and worker grievances.","औद्योगिक विवाद अधिनियम, 1947 में औद्योगिक विवादों और श्रमिक शिकायतों के समाधान के प्रावधान हैं।","Industrial Disputes Act,Grievances","औद्योगिक विवाद अधिनियम,शिकायत"
309,Grievances,"Workers can also approach the local Labour Inspector to resolve minor disputes.","श्रमिक छोटे-मोटे विवादों को हल करने के लिए स्थानीय श्रम निरीक्षक से भी संपर्क कर सकते हैं।","Labour Inspector,Disputes","श्रम निरीक्षक,विवाद"
310,Helpline,"Yes, you can call the MP Labour helpline or 155214 for assistance.","हाँ, आप एमपी श्रम हेल्पलाइन या 155214 पर सहायता के लिए कॉल कर सकते हैं।","Helpline,Contact","हेल्पलाइन,संपर्क"
311,Registration,"Employers with 10 or more workers must register under the Factories Act, 1948.","10 या अधिक श्रमिकों वाले नियोक्ताओं को कारखाना अधिनियम, 1948 के तहत पंजीकरण करना होगा।","Factories Act,Registration","कारखाना अधिनियम,पंजीकरण"
312,Registration,"All establishments employing 10 or more workers must register under the Shops and Establishments Act.","10 या अधिक श्रमिकों को रोजगार देने वाले सभी प्रतिष्ठानों को दुकानें और प्रतिष्ठान अधिनियम के तहत पंजीकरण करना होगा।","Shops and Establishments Act,Registration","दुकानें और प्रतिष्ठान अधिनियम,पंजीकरण"
313,Registration,"The Labour Law Compliance Portal (Shram Suvidha) simplifies the filing of various labour-related returns.","श्रम कानून अनुपालन पोर्टल (श्रम सुविधा) विभिन्न श्रम-संबंधी रिटर्न दाखिल करने को सरल बनाता है।","Labour Law Compliance,Shram Suvidha","श्रम कानून अनुपालन,श्रम सुविधा"
314,Registration,"Establishments must maintain registers and records of their workers, wages, and working hours.","प्रतिष्ठानों को अपने श्रमिकों, मजदूरी और काम के घंटों के रजिस्टर और रिकॉर्ड बनाए रखना चाहिए।","Records,Registers","रिकॉर्ड,रजिस्टर"
315,Licensing,"A licence under the Contract Labour (Regulation & Abolition) Act, 1970, is mandatory for contractors.","ठेका श्रम (विनियमन और उन्मूलन) अधिनियम, 1970 के तहत एक लाइसेंस ठेकेदारों के लिए अनिवार्य है।","Contract Labour Act,Licence","ठेका श्रम अधिनियम,लाइसेंस"
316,Licensing,"The renewal of a licence must be done at least 30 days before its expiry date.","लाइसेंस का नवीनीकरण उसकी समाप्ति तिथि से कम से कम 30 दिन पहले किया जाना चाहिए।","Licence Renewal,30 days","लाइसेंस नवीनीकरण,30 दिन"
317,Licensing,"If a licence expires, the contractor must stop work until renewal or risk penalty by authorities.","यदि लाइसेंस की अवधि समाप्त हो जाती है, तो ठेकेदार को नवीनीकरण तक काम बंद करना होगा या अधिकारियों द्वारा लगाए गए जुर्माने का जोखिम उठाना होगा।","Licence Expires,Penalty","लाइसेंस समाप्त,जुर्माना"
318,Licensing,"A labour licence is required for contractors who hire 20 or more contract workers.","20 या उससे अधिक संविदा श्रमिकों को काम पर रखने वाले ठेकेदारों के लिए एक श्रमिक लाइसेंस आवश्यक है।","Labour Licence,Contract Workers","श्रमिक लाइसेंस,संविदा श्रमिक"
319,Inspections,"Inspection lists are issued based on 15 risk-based parameters to prioritize high-risk institutions.","निरीक्षण सूचियां उच्च जोखिम वाले संस्थानों को प्राथमिकता देने के लिए 15 जोखिम-आधारित मापदंडों के आधार पर जारी की जाती हैं।","Inspection List,Risk-based Parameters","निरीक्षण सूची,जोखिम-आधारित मापदंड"
320,Technical Support,"In case of any technical problem, you can send your problem via e-mail to lcmpit@mp.gov.in or commlab@nic.in.","किसी भी तकनीकी समस्या की स्थिति में, आप अपनी समस्या ई-मेल के माध्यम से lcmpit@mp.gov.in या commlab@nic.in पर भेज सकते हैं।","Technical Support,Email Support","तकनीकी सहायता,ईमेल सहायता"
321,Health Check-ups,"Regular health check-ups for workers in hazardous industries are mandatory under the law.","खतरनाक उद्योगों में श्रमिकों के लिए नियमित स्वास्थ्य जांच कानून के तहत अनिवार्य है।","Health Check-ups,Hazardous Industries","स्वास्थ्य जांच,खतरनाक उद्योग"
322,Maternity Benefit Act,"The Maternity Benefit Act, 1961, ensures paid leave and benefits for women workers during maternity.","मातृत्व लाभ अधिनियम, 1961, मातृत्व के दौरान महिला श्रमिकों के लिए सशुल्क छुट्टी और लाभ सुनिश्चित करता है।","Maternity Benefit Act,Paid Leave","मातृत्व लाभ अधिनियम,सशुल्क अवकाश"
323,Trade Unions Act,"The Trade Unions Act, 1926, provides for the registration and regulation of trade unions.","ट्रेड यूनियंस अधिनियम, 1926, ट्रेड यूनियनों के पंजीकरण और विनियमन का प्रावधान करता है।","Trade Unions Act,Registration","ट्रेड यूनियंस अधिनियम,पंजीकरण"
324,Summarize Minimum Wages Act, "This act ensures a minimum rate of wages is paid to workers in certain scheduled employments.<br/>The government sets and revises these minimum wages.<br/>It prevents employers from exploiting workers by paying them very low wages.<br/>The act helps ensure a basic standard of living for workers and their families.","यह अधिनियम कुछ खास प्रकार के रोजगारों में श्रमिकों को न्यूनतम मजदूरी की दर सुनिश्चित करता है।<br/>सरकार इन न्यूनतम मजदूरी दरों को तय और संशोधित करती है।<br/>यह अधिनियम मालिकों को बहुत कम वेतन देकर श्रमिकों का शोषण करने से रोकता है।<br/>यह श्रमिकों और उनके परिवारों के लिए जीवन का एक बुनियादी स्तर सुनिश्चित करने में मदद करता है।","Summarize Minimum Wages, Summarise, Details, Explain","न्यूनतम मजदूरी, मजदूरी, जीवन स्तर, श्रमिक अधिकार"
325,Summarize Industrial Employment (Standing Orders) Act,"This act requires employers to clearly define the conditions of employment for their workers.<br/>These conditions, known as ""standing orders,"" cover matters like working hours, holidays, and termination of employment.<br/>The act ensures transparency and reduces disputes between employers and employees.<br/>It protects workers from arbitrary actions by the management.","यह अधिनियम मालिकों को अपने श्रमिकों के लिए रोजगार की शर्तों को स्पष्ट रूप से परिभाषित करने के लिए कहता है।<br/>इन शर्तों को ""स्थायी आदेश"" कहा जाता है, जिसमें काम के घंटे, छुट्टियाँ और नौकरी से हटाने जैसे मुद्दे शामिल होते हैं।<br/>यह अधिनियम पारदर्शिता सुनिश्चित करता है और मालिक-श्रमिक के बीच विवादों को कम करता है।<br/>यह श्रमिकों को प्रबंधन द्वारा मनमाने कार्यों से बचाता है।","Summarize Standing Orders, Summarize Industrial Employment Act, Summarise, Details, Explain","स्थायी आदेश, रोजगार की शर्तें, पारदर्शिता, श्रमिक विवाद"
326,Summarize Equal Remuneration Act,"This act mandates that male and female workers receive equal pay for the same work or work of a similar nature.<br/>It prohibits discrimination on the basis of gender in matters of recruitment, training, and promotion.<br/>The act aims to prevent gender-based wage discrimination and promotes equality in the workplace.<br/>It ensures that merit, not gender, determines a worker's pay.","यह अधिनियम कहता है कि पुरुष और महिला श्रमिकों को समान काम या समान प्रकृति के काम के लिए बराबर वेतन मिलना चाहिए।<br/>यह भर्ती, प्रशिक्षण और पदोन्नति के मामलों में लिंग के आधार पर भेदभाव को रोकता है।<br/>यह अधिनियम लिंग-आधारित वेतन भेदभाव को रोकने और कार्यस्थल में समानता को बढ़ावा देने का लक्ष्य रखता है।<br/>यह सुनिश्चित करता है कि श्रमिक का वेतन उसकी योग्यता पर निर्भर करता है, न कि उसके लिंग पर।","Summarise equal pay act, Equal Pay, Summarise, Details, Explain" ,"समान वेतन, लैंगिक समानता, भेदभाव, समान पारिश्रमिक"
327,Summarize Factories Act,"This act regulates the working conditions in factories.<br/>It covers key areas such as health, safety, and welfare of the workers.<br/>The act mandates provisions for cleanliness, ventilation, and proper disposal of waste.<br/>It also includes rules about working hours, rest intervals, and overtime pay.<br/>The act is crucial for ensuring a safe and healthy work environment for factory workers.","यह अधिनियम कारखानों में काम करने की स्थितियों को नियंत्रित करता है।<br/>यह श्रमिकों के स्वास्थ्य, सुरक्षा और कल्याण जैसे महत्वपूर्ण क्षेत्रों को शामिल करता है।<br/>यह अधिनियम साफ-सफाई, हवा आने-जाने की व्यवस्था और कचरे के सही निपटान के लिए नियम तय करता है।<br/>इसमें काम के घंटे, आराम के अंतराल और ओवरटाइम के भुगतान के बारे में भी नियम शामिल हैं।<br/>यह अधिनियम कारखानों में श्रमिकों के लिए एक सुरक्षित और स्वस्थ काम का माहौल सुनिश्चित करने के लिए बहुत महत्वपूर्ण है।","Summarise Factories Act, Summarise, Details, Explain","कारखाना अधिनियम, श्रमिक सुरक्षा, स्वास्थ्य, कल्याण, काम करने की स्थिति"
328,Summarize Trade Unions Act,"This act provides for the registration and regulation of trade unions.<br/>It gives legal status to trade unions, allowing them to collectively bargain with employers.<br/>The act protects trade union leaders and members from certain legal liabilities.<br/>It empowers workers to form associations to protect their interests and improve their working conditions.","यह अधिनियम ट्रेड यूनियनों के पंजीकरण और उनके विनियमन का प्रावधान करता है।<br/>यह ट्रेड यूनियनों को कानूनी दर्जा देता है, जिससे वे मालिकों के साथ सामूहिक रूप से बातचीत कर सकते हैं।<br/>यह अधिनियम ट्रेड यूनियन नेताओं और सदस्यों को कुछ कानूनी जिम्मेदारियों से बचाता है।<br/>यह श्रमिकों को अपने हितों की रक्षा करने और अपनी काम करने की स्थितियों में सुधार करने के लिए संगठन बनाने का अधिकार देता है।","Summarise trade union act, Summarise, Details, Explain","ट्रेड यूनियन, सामूहिक सौदेबाजी, श्रमिक अधिकार, श्रमिक संघ"
329,Trade Union Act,"The Trade Union Act, 1926 provides for the registration of trade unions and defines their rights and liabilities.","ट्रेड यूनियन अधिनियम, 1926 ट्रेड यूनियनों के पंजीकरण और उनके अधिकारों व दायित्वों को परिभाषित करता है।","trade union,registration,rights,liabilities","ट्रेड यूनियन,पंजीकरण,अधिकार,दायित्व"
330,Trade Union Act,"A minimum of seven workers can form a trade union under this Act.","इस अधिनियम के तहत न्यूनतम सात श्रमिक एक ट्रेड यूनियन बना सकते हैं।","minimum members,seven workers,union formation","न्यूनतम सदस्य,सात श्रमिक,यूनियन गठन"
331,Trade Union Act,"Registered trade unions get legal recognition and protection.","पंजीकृत ट्रेड यूनियनों को कानूनी मान्यता और संरक्षण मिलता है।","legal recognition,union protection","कानूनी मान्यता,यूनियन संरक्षण"
332,Industrial Employment Act,"The Industrial Employment (Standing Orders) Act, 1946 requires employers to define conditions of employment clearly.","औद्योगिक रोजगार (स्थायी आदेश) अधिनियम, 1946 नियोक्ताओं से रोजगार की शर्तें स्पष्ट रूप से निर्धारित करने की अपेक्षा करता है।","industrial employment,standing orders,conditions of employment","औद्योगिक रोजगार,स्थायी आदेश,रोजगार की शर्तें"
333,Industrial Employment Act,"It helps bring uniformity and fairness in employment terms for workers.","यह श्रमिकों के लिए रोजगार की शर्तों में एकरूपता और निष्पक्षता लाने में मदद करता है।","uniformity,fairness,employment terms","एकरूपता,निष्पक्षता,रोजगार की शर्तें"
334,Equal Remuneration Act,"The Equal Remuneration Act, 1976 ensures that men and women workers receive equal pay for equal work.","समान पारिश्रमिक अधिनियम, 1976 यह सुनिश्चित करता है कि पुरुष और महिला श्रमिकों को समान काम के लिए समान वेतन मिले।","equal pay,equal work,men,women","समान वेतन,समान काम,पुरुष,महिला"
335,Equal Remuneration Act,"Employers cannot discriminate between men and women in matters of recruitment and pay.","नियोक्ता भर्ती और वेतन के मामलों में पुरुषों और महिलाओं के बीच भेदभाव नहीं कर सकते।","non-discrimination,recruitment,pay","भेदभाव रहित,भर्ती,वेतन"
336,Factories Act,"The Factories Act, 1948 regulates working conditions in factories, focusing on health, safety, welfare, and working hours.","कारखाना अधिनियम, 1948 कारखानों में कामकाजी परिस्थितियों को नियंत्रित करता है, जिसमें स्वास्थ्य, सुरक्षा, कल्याण और कार्य घंटे शामिल हैं।","factories act,health,safety,welfare,working hours","कारखाना अधिनियम,स्वास्थ्य,सुरक्षा,कल्याण,कार्य घंटे"
337,Factories Act,"It provides rules about cleanliness, ventilation, lighting, drinking water, and safety measures.","यह स्वच्छता, वेंटिलेशन, प्रकाश, पीने के पानी और सुरक्षा उपायों के बारे में नियम प्रदान करता है।","cleanliness,ventilation,lighting,drinking water,safety","स्वच्छता,वेंटिलेशन,प्रकाश,पीने का पानी,सुरक्षा"
338,Factories Act,"It restricts the working hours for women and young workers to ensure their protection.","यह महिलाओं और युवा श्रमिकों के कामकाजी घंटों को उनकी सुरक्षा सुनिश्चित करने के लिए सीमित करता है।","working hours,women,young workers,protection","कार्य घंटे,महिलाएं,युवा श्रमिक,सुरक्षा"
